2016/7/1 0:15,5.156515177
2016/7/1 0:30,2.125231047
2016/7/1 0:45,0.997405496
2016/7/1 1:00,1.637049788
2016/7/1 1:15,3.886324935
2016/7/1 1:30,5.584543995
2016/7/1 1:45,3.977284315
2016/7/1 2:00,3.736122787
2016/7/1 2:15,3.77167012
2016/7/1 2:30,4.096492989
2016/7/1 2:45,3.866370735
2016/7/1 3:00,4.079363687
2016/7/1 3:15,3.500986178
2016/7/1 3:30,2.736097779
2016/7/1 3:45,3.100411925
2016/7/1 4:00,2.96305073
2016/7/1 4:15,4.236727934
2016/7/1 4:30,4.32869736
2016/7/1 4:45,3.828392494
2016/7/1 5:00,2.471716175
2016/7/1 5:15,4.109684491
2016/7/1 5:30,3.656005707
2016/7/1 5:45,5.415400392
2016/7/1 6:00,4.919294879
2016/7/1 6:15,5.830943652
2016/7/1 6:30,6.095644588
2016/7/1 6:45,3.13930015
2016/7/1 7:00,5.64696772
2016/7/1 7:15,1.95862406
2016/7/1 7:30,4.186569737
2016/7/1 7:45,3.94599209
2016/7/1 8:00,1.881660397
2016/7/1 8:15,2.489821297
2016/7/1 8:30,2.837798774
2016/7/1 8:45,3.692002136
2016/7/1 9:00,3.695113633
2016/7/1 9:15,3.589316963
2016/7/1 9:30,2.065857119
2016/7/1 9:45,2.199194072
2016/7/1 10:00,2.328027426
2016/7/1 10:15,4.148985859
2016/7/1 10:30,3.925554664
2016/7/1 10:45,2.878682594
2016/7/1 11:00,2.040438633
2016/7/1 11:15,4.650778899
2016/7/1 11:30,2.015428556
2016/7/1 11:45,0.748282004
2016/7/1 12:00,2.041250402
2016/7/1 12:15,3.621268961
2016/7/1 12:30,1.464183158
2016/7/1 12:45,1.274975195
2016/7/1 13:00,1.822269192
2016/7/1 13:15,1.765247669
2016/7/1 13:30,2.874300462
2016/7/1 13:45,2.093241752
2016/7/1 14:00,2.585894867
2016/7/1 14:15,4.216852023
2016/7/1 14:30,5.612888462
2016/7/1 14:45,5.347122762
2016/7/1 15:00,6.199764314
2016/7/1 15:15,5.342869423
2016/7/1 15:30,6.575737752
2016/7/1 15:45,6.63842405
2016/7/1 16:00,6.0442563
2016/7/1 16:15,7.050392593
2016/7/1 16:30,6.601027912
2016/7/1 16:45,6.506212142
2016/7/1 17:00,5.382005908
2016/7/1 17:15,5.991817723
2016/7/1 17:30,7.277840097
2016/7/1 17:45,5.043370066
2016/7/1 18:00,4.312684382
2016/7/1 18:15,5.47832872
2016/7/1 18:30,6.142542177
2016/7/1 18:45,6.245101229
2016/7/1 19:00,6.448584039
2016/7/1 19:15,5.887297167
2016/7/1 19:30,6.143681619
2016/7/1 19:45,7.123353794
2016/7/1 20:00,6.880976953
2016/7/1 20:15,7.299103032
2016/7/1 20:30,5.135713344
2016/7/1 20:45,7.066862276
2016/7/1 21:00,7.086878866
2016/7/1 21:15,6.375223868
2016/7/1 21:30,6.672471959
2016/7/1 21:45,6.118072558
2016/7/1 22:00,5.546446176
2016/7/1 22:15,6.263710957
2016/7/1 22:30,7.116019308
2016/7/1 22:45,6.378058543
2016/7/1 23:00,6.748305829
2016/7/1 23:15,6.728461631
2016/7/1 23:30,6.143955957
2016/7/1 23:45,5.588320718
2016/7/2 0:00,6.366626755
2016/7/2 0:15,6.007065907
2016/7/2 0:30,7.036672346
2016/7/2 0:45,7.706757031
2016/7/2 1:00,7.886170595
2016/7/2 1:15,5.986298525
2016/7/2 1:30,6.341787138
2016/7/2 1:45,4.980509798
2016/7/2 2:00,6.707239302
2016/7/2 2:15,4.490848788
2016/7/2 2:30,6.663166782
2016/7/2 2:45,7.166994276
2016/7/2 3:00,7.372229112
2016/7/2 3:15,6.265035544
2016/7/2 3:30,6.564089225
2016/7/2 3:45,7.126172648
2016/7/2 4:00,7.077882535
2016/7/2 4:15,6.026437206
2016/7/2 4:30,7.927243079
2016/7/2 4:45,6.812545394
2016/7/2 5:00,6.340882294
2016/7/2 5:15,6.617403136
2016/7/2 5:30,6.600782029
2016/7/2 5:45,5.624593889
2016/7/2 6:00,4.600484451
2016/7/2 6:15,5.60656174
2016/7/2 6:30,3.972957975
2016/7/2 6:45,2.984575869
2016/7/2 7:00,3.775370665
2016/7/2 7:15,3.405882963
2016/7/2 7:30,3.802108257
2016/7/2 7:45,4.860335372
2016/7/2 8:00,2.522593284
2016/7/2 8:15,2.482128501
2016/7/2 8:30,3.046617154
2016/7/2 8:45,4.045588694
2016/7/2 9:00,2.755655784
2016/7/2 9:15,5.04761065
2016/7/2 9:30,5.081262117
2016/7/2 9:45,6.696283823
2016/7/2 10:00,5.206890195
2016/7/2 10:15,6.249760558
2016/7/2 10:30,6.824577008
2016/7/2 10:45,6.907532204
2016/7/2 11:00,8.080720839
2016/7/2 11:15,6.935656713
2016/7/2 11:30,6.925937214
2016/7/2 11:45,8.62761593
2016/7/2 12:00,8.226313089
2016/7/2 12:15,8.204792147
2016/7/2 12:30,9.151600251
2016/7/2 12:45,7.061843857
2016/7/2 13:00,7.606768621
2016/7/2 13:15,9.65803583
2016/7/2 13:30,9.089390871
2016/7/2 13:45,9.289043678
2016/7/2 14:00,8.986387321
2016/7/2 14:15,9.353307007
2016/7/2 14:30,7.364989868
2016/7/2 14:45,10.09305269
2016/7/2 15:00,8.703219599
2016/7/2 15:15,8.346510053
2016/7/2 15:30,7.306499754
2016/7/2 15:45,8.63481722
2016/7/2 16:00,7.930969995
2016/7/2 16:15,7.33694269
2016/7/2 16:30,8.623012574
2016/7/2 16:45,8.528841163
2016/7/2 17:00,9.087559922
2016/7/2 17:15,9.271370994
2016/7/2 17:30,8.629575008
2016/7/2 17:45,6.515253218
2016/7/2 18:00,7.887891916
2016/7/2 18:15,7.259217141
2016/7/2 18:30,5.238059553
2016/7/2 18:45,8.956511499
2016/7/2 19:00,7.391452138
2016/7/2 19:15,7.018653608
2016/7/2 19:30,7.127363835
2016/7/2 19:45,7.535333545
2016/7/2 20:00,7.318668215
2016/7/2 20:15,6.348976089
2016/7/2 20:30,8.224801569
2016/7/2 20:45,7.662060157
2016/7/2 21:00,8.805805422
2016/7/2 21:15,8.48134434
2016/7/2 21:30,7.797230016
2016/7/2 21:45,6.433668223
2016/7/2 22:00,6.485293207
2016/7/2 22:15,6.499993231
2016/7/2 22:30,5.221864493
2016/7/2 22:45,4.602242824
2016/7/2 23:00,4.686279315
2016/7/2 23:15,4.770482767
2016/7/2 23:30,5.621930511
2016/7/2 23:45,6.347479635
2016/7/3 0:00,7.661647404
2016/7/3 0:15,5.942190867
2016/7/3 0:30,3.994730936
2016/7/3 0:45,5.502180327
2016/7/3 1:00,4.790654173
2016/7/3 1:15,4.422142805
2016/7/3 1:30,3.158451138
2016/7/3 1:45,3.412032936
2016/7/3 2:00,4.027801078
2016/7/3 2:15,4.183087578
2016/7/3 2:30,5.830103331
2016/7/3 2:45,3.281160129
2016/7/3 3:00,3.29378659
2016/7/3 3:15,1.434528674
2016/7/3 3:30,1.888049635
2016/7/3 3:45,2.465567124
2016/7/3 4:00,2.501833968
2016/7/3 4:15,2.887400435
2016/7/3 4:30,2.485435062
2016/7/3 4:45,2.82432756
2016/7/3 5:00,2.729098721
2016/7/3 5:15,3.186840345
2016/7/3 5:30,2.917509073
2016/7/3 5:45,3.526331082
2016/7/3 6:00,4.0602757
2016/7/3 6:15,3.539205227
2016/7/3 6:30,2.990771777
2016/7/3 6:45,2.111320338
2016/7/3 7:00,2.098815661
2016/7/3 7:15,2.196682684
2016/7/3 7:30,2.953807798
2016/7/3 7:45,3.560637831
2016/7/3 8:00,3.906217739
2016/7/3 8:15,3.316047319
2016/7/3 8:30,3.59345577
2016/7/3 8:45,3.073154611
2016/7/3 9:00,2.067075061
2016/7/3 9:15,2.361078714
2016/7/3 9:30,1.978867082
2016/7/3 9:45,1.495550509
2016/7/3 10:00,1.576703414
2016/7/3 10:15,0.967911475
2016/7/3 10:30,1.047004526
2016/7/3 10:45,0.801240207
2016/7/3 11:00,0.989038136
2016/7/3 11:15,1.454802446
2016/7/3 11:30,1.988596374
2016/7/3 11:45,1.705362413
2016/7/3 12:00,1.889853646
2016/7/3 12:15,2.742825486
2016/7/3 12:30,3.250863027
2016/7/3 12:45,2.585127754
2016/7/3 13:00,3.644902593
2016/7/3 13:15,4.258115849
2016/7/3 13:30,3.776294637
2016/7/3 13:45,5.176927124
2016/7/3 14:00,5.560523082
2016/7/3 14:15,5.355353895
2016/7/3 14:30,4.807094203
2016/7/3 14:45,5.587708974
2016/7/3 15:00,4.711592258
2016/7/3 15:15,6.11362542
2016/7/3 15:30,5.732989282
2016/7/3 15:45,5.329781483
2016/7/3 16:00,5.343670693
2016/7/3 16:15,5.631698357
2016/7/3 16:30,4.869583038
2016/7/3 16:45,7.216570311
2016/7/3 17:00,6.185617061
2016/7/3 17:15,7.263367342
2016/7/3 17:30,6.979486566
2016/7/3 17:45,6.872774777
2016/7/3 18:00,6.704162655
2016/7/3 18:15,5.451537815
2016/7/3 18:30,5.471159695
2016/7/3 18:45,5.190438479
2016/7/3 19:00,4.056739004
2016/7/3 19:15,5.065360277
2016/7/3 19:30,7.147408087
2016/7/3 19:45,5.470733265
2016/7/3 20:00,6.333097415
2016/7/3 20:15,6.164461738
2016/7/3 20:30,4.903338888
2016/7/3 20:45,5.222175054
2016/7/3 21:00,4.70068938
2016/7/3 21:15,5.759538633
2016/7/3 21:30,6.608756234
2016/7/3 21:45,5.380780567
2016/7/3 22:00,5.431339171
2016/7/3 22:15,4.639926906
2016/7/3 22:30,4.553971684
2016/7/3 22:45,4.349678423
2016/7/3 23:00,4.547877556
2016/7/3 23:15,4.865603797
2016/7/3 23:30,4.777274402
2016/7/3 23:45,4.995599923
2016/7/4 0:00,2.009035275
2016/7/4 0:15,3.929733159
2016/7/4 0:30,5.84080207
2016/7/4 0:45,5.868970591
2016/7/4 1:00,5.869293961
2016/7/4 1:15,5.897415817
2016/7/4 1:30,6.068573242
2016/7/4 1:45,6.20727356
2016/7/4 2:00,6.358588315
2016/7/4 2:15,6.46588981
2016/7/4 2:30,6.254557091
2016/7/4 2:45,5.633932477
2016/7/4 3:00,5.08253128
2016/7/4 3:15,4.965270052
2016/7/4 3:30,4.635701516
2016/7/4 3:45,4.30475286
2016/7/4 4:00,4.229714859
2016/7/4 4:15,4.248695083
2016/7/4 4:30,4.186138836
2016/7/4 4:45,4.126417417
2016/7/4 5:00,4.106015835
2016/7/4 5:15,4.366905598
2016/7/4 5:30,4.758733594
2016/7/4 5:45,4.398461971
2016/7/4 6:00,3.671011243
2016/7/4 6:15,2.847596648
2016/7/4 6:30,2.222841946
2016/7/4 6:45,2.348076904
2016/7/4 7:00,2.534065763
2016/7/4 7:15,2.759758872
2016/7/4 7:30,2.948397092
2016/7/4 7:45,3.177679245
2016/7/4 8:00,3.330528255
2016/7/4 8:15,3.417392508
2016/7/4 8:30,3.725216448
2016/7/4 8:45,4.136203359
2016/7/4 9:00,4.576553581
2016/7/4 9:15,4.740048351
2016/7/4 9:30,5.022786085
2016/7/4 9:45,5.424915579
2016/7/4 10:00,5.682582115
2016/7/4 10:15,5.699581637
2016/7/4 10:30,5.569670529
2016/7/4 10:45,5.608496957
2016/7/4 11:00,5.624288913
2016/7/4 11:15,5.501816695
2016/7/4 11:30,5.339780464
2016/7/4 11:45,5.226454921
2016/7/4 12:00,5.139223538
2016/7/4 12:15,5.10805109
2016/7/4 12:30,5.113309695
2016/7/4 12:45,5.05422803
2016/7/4 13:00,4.952808902
2016/7/4 13:15,4.79075791
2016/7/4 13:30,4.584325681
2016/7/4 13:45,4.338263579
2016/7/4 14:00,4.236885053
2016/7/4 14:15,4.144037309
2016/7/4 14:30,4.06549582
2016/7/4 14:45,3.85725417
2016/7/4 15:00,3.580601896
2016/7/4 15:15,3.337239264
2016/7/4 15:30,3.378786945
2016/7/4 15:45,3.667207707
2016/7/4 16:00,4.605128855
2016/7/4 16:15,3.858193317
2016/7/4 16:30,5.098848531
2016/7/4 16:45,6.169233356
2016/7/4 17:00,6.251003436
2016/7/4 17:15,6.326089881
2016/7/4 17:30,6.648931865
2016/7/4 17:45,6.295185484
2016/7/4 18:00,5.717187899
2016/7/4 18:15,6.112981351
2016/7/4 18:30,5.892802005
2016/7/4 18:45,4.85997539
2016/7/4 19:00,4.135935893
2016/7/4 19:15,1.97070255
2016/7/4 19:30,4.422198504
2016/7/4 19:45,5.759270011
2016/7/4 20:00,6.121546345
2016/7/4 20:15,6.533212253
2016/7/4 20:30,6.704341358
2016/7/4 20:45,6.675901244
2016/7/4 21:00,6.695361357
2016/7/4 21:15,6.546744502
2016/7/4 21:30,6.725293855
2016/7/4 21:45,6.662043626
2016/7/4 22:00,6.016776245
2016/7/4 22:15,5.084494229
2016/7/4 22:30,5.245606373
2016/7/4 22:45,5.461659909
2016/7/4 23:00,5.334241348
2016/7/4 23:15,5.477423896
2016/7/4 23:30,5.977012957
2016/7/4 23:45,6.382168676
2016/7/5 0:00,3.682665855
2016/7/5 0:15,6.819585562
2016/7/5 0:30,7.956053639
2016/7/5 0:45,8.550010682
2016/7/5 1:00,8.164930039
2016/7/5 1:15,8.730106789
2016/7/5 1:30,8.730470319
2016/7/5 1:45,7.176111432
2016/7/5 2:00,9.259363577
2016/7/5 2:15,6.188116497
2016/7/5 2:30,4.658462707
2016/7/5 2:45,8.372196855
2016/7/5 3:00,6.07311268
2016/7/5 3:15,6.794518653
2016/7/5 3:30,6.591688335
2016/7/5 3:45,5.852069311
2016/7/5 4:00,7.232120137
2016/7/5 4:15,7.738652401
2016/7/5 4:30,6.964379591
2016/7/5 4:45,6.219019036
2016/7/5 5:00,7.425177025
2016/7/5 5:15,7.600964447
2016/7/5 5:30,5.588813975
2016/7/5 5:45,6.840334456
2016/7/5 6:00,6.416789197
2016/7/5 6:15,6.579600097
2016/7/5 6:30,6.701152271
2016/7/5 6:45,6.304676648
2016/7/5 7:00,5.465965002
2016/7/5 7:15,5.556124286
2016/7/5 7:30,5.452867885
2016/7/5 7:45,4.89964438
2016/7/5 8:00,4.669352297
2016/7/5 8:15,5.835697113
2016/7/5 8:30,5.24106739
2016/7/5 8:45,5.127156573
2016/7/5 9:00,6.231285884
2016/7/5 9:15,6.314017677
2016/7/5 9:30,5.10752888
2016/7/5 9:45,4.512887139
2016/7/5 10:00,7.123190737
2016/7/5 10:15,5.242820834
2016/7/5 10:30,5.522366941
2016/7/5 10:45,5.847662422
2016/7/5 11:00,6.028344771
2016/7/5 11:15,4.988482392
2016/7/5 11:30,5.528178528
2016/7/5 11:45,5.639024048
2016/7/5 12:00,5.803555229
2016/7/5 12:15,6.552502543
2016/7/5 12:30,7.04160812
2016/7/5 12:45,5.122528983
2016/7/5 13:00,4.233103461
2016/7/5 13:15,5.385199916
2016/7/5 13:30,5.614945849
2016/7/5 13:45,6.546877011
2016/7/5 14:00,5.876017282
2016/7/5 14:15,5.875813304
2016/7/5 14:30,4.408863595
2016/7/5 14:45,5.204852734
2016/7/5 15:00,4.633327657
2016/7/5 15:15,5.106634277
2016/7/5 15:30,5.212232349
2016/7/5 15:45,5.09814939
2016/7/5 16:00,4.597184765
2016/7/5 16:15,5.037055937
2016/7/5 16:30,5.818277139
2016/7/5 16:45,5.372921301
2016/7/5 17:00,5.302968309
2016/7/5 17:15,5.508533191
2016/7/5 17:30,5.416207604
2016/7/5 17:45,5.696602339
2016/7/5 18:00,7.449184027
2016/7/5 18:15,6.464564145
2016/7/5 18:30,6.074316972
2016/7/5 18:45,5.456046531
2016/7/5 19:00,6.541484889
2016/7/5 19:15,6.067845333
2016/7/5 19:30,5.634027792
2016/7/5 19:45,7.054056035
2016/7/5 20:00,8.742300507
2016/7/5 20:15,7.517856861
2016/7/5 20:30,5.582935293
2016/7/5 20:45,6.46795759
2016/7/5 21:00,7.729134691
2016/7/5 21:15,7.225746452
2016/7/5 21:30,7.125274975
2016/7/5 21:45,6.827750649
2016/7/5 22:00,6.313836039
2016/7/5 22:15,7.008952738
2016/7/5 22:30,7.496721604
2016/7/5 22:45,6.659016789
2016/7/5 23:00,6.670715373
2016/7/5 23:15,6.074147907
2016/7/5 23:30,7.889484873
2016/7/5 23:45,6.489913396
2016/7/6 0:00,6.482060467
2016/7/6 0:15,7.574454762
2016/7/6 0:30,7.083557944
2016/7/6 0:45,6.408494908
2016/7/6 1:00,6.673984371
2016/7/6 1:15,5.995730529
2016/7/6 1:30,6.520162241
2016/7/6 1:45,6.989099515
2016/7/6 2:00,7.290309888
2016/7/6 2:15,6.995470784
2016/7/6 2:30,6.658136693
2016/7/6 2:45,7.385527872
2016/7/6 3:00,6.444042465
2016/7/6 3:15,6.740719905
2016/7/6 3:30,5.774662849
2016/7/6 3:45,5.87775179
2016/7/6 4:00,4.814573351
2016/7/6 4:15,3.776100639
2016/7/6 4:30,2.980502293
2016/7/6 4:45,2.529577615
2016/7/6 5:00,3.457042907
2016/7/6 5:15,2.708708132
2016/7/6 5:30,2.763181376
2016/7/6 5:45,2.856579974
2016/7/6 6:00,2.482808832
2016/7/6 6:15,4.444753248
2016/7/6 6:30,6.049193015
2016/7/6 6:45,5.273200773
2016/7/6 7:00,4.280625647
2016/7/6 7:15,4.47086842
2016/7/6 7:30,4.582357053
2016/7/6 7:45,5.474730616
2016/7/6 8:00,3.258553945
2016/7/6 8:15,4.62288663
2016/7/6 8:30,3.446053996
2016/7/6 8:45,3.08210871
2016/7/6 9:00,3.596749919
2016/7/6 9:15,2.61461627
2016/7/6 9:30,1.665161062
2016/7/6 9:45,1.128818774
2016/7/6 10:00,1.287553405
2016/7/6 10:15,0.881925272
2016/7/6 10:30,1.83330602
2016/7/6 10:45,3.645542541
2016/7/6 11:00,4.285670105
2016/7/6 11:15,4.405133002
2016/7/6 11:30,5.644905795
2016/7/6 11:45,5.77141186
2016/7/6 12:00,5.630838337
2016/7/6 12:15,6.124754586
2016/7/6 12:30,6.33120216
2016/7/6 12:45,6.181354212
2016/7/6 13:00,5.451855221
2016/7/6 13:15,5.363035397
2016/7/6 13:30,5.451645202
2016/7/6 13:45,5.096098493
2016/7/6 14:00,7.152761032
2016/7/6 14:15,7.44863403
2016/7/6 14:30,8.382222399
2016/7/6 14:45,6.518499062
2016/7/6 15:00,5.618320563
2016/7/6 15:15,5.807085204
2016/7/6 15:30,5.134516102
2016/7/6 15:45,6.985282664
2016/7/6 16:00,6.89514322
2016/7/6 16:15,7.535226596
2016/7/6 16:30,5.993846391
2016/7/6 16:45,5.194411962
2016/7/6 17:00,4.058039641
2016/7/6 17:15,7.411421394
2016/7/6 17:30,12.5508176
2016/7/6 17:45,9.639184479
2016/7/6 18:00,10.22590524
2016/7/6 18:15,4.57495319
2016/7/6 18:30,4.802414163
2016/7/6 18:45,4.853905158
2016/7/6 19:00,4.359382566
2016/7/6 19:15,6.421622507
2016/7/6 19:30,6.841104781
2016/7/6 19:45,6.799619114
2016/7/6 20:00,7.747251831
2016/7/6 20:15,8.107460632
2016/7/6 20:30,7.355648234
2016/7/6 20:45,7.003031016
2016/7/6 21:00,7.705099813
2016/7/6 21:15,10.08248079
2016/7/6 21:30,11.0735423
2016/7/6 21:45,10.75616606
2016/7/6 22:00,10.5674417
2016/7/6 22:15,10.0686597
2016/7/6 22:30,9.276379576
2016/7/6 22:45,9.4869939
2016/7/6 23:00,8.329955127
2016/7/6 23:15,5.69256584
2016/7/6 23:30,7.999266152
2016/7/6 23:45,8.486671294
2016/7/7 0:00,7.858288846
2016/7/7 0:15,6.933250647
2016/7/7 0:30,6.322989113
2016/7/7 0:45,6.251841889
2016/7/7 1:00,5.296739787
2016/7/7 1:15,6.652596546
2016/7/7 1:30,8.159230575
2016/7/7 1:45,8.073312965
2016/7/7 2:00,7.967268285
2016/7/7 2:15,7.146500119
2016/7/7 2:30,6.524539945
2016/7/7 2:45,6.454355409
2016/7/7 3:00,6.754669514
2016/7/7 3:15,7.291035716
2016/7/7 3:30,6.807170306
2016/7/7 3:45,5.829867411
2016/7/7 4:00,6.381919819
2016/7/7 4:15,6.854529113
2016/7/7 4:30,6.467286442
2016/7/7 4:45,7.124264195
2016/7/7 5:00,6.350699934
2016/7/7 5:15,4.061977577
2016/7/7 5:30,5.747551043
2016/7/7 5:45,6.43933003
2016/7/7 6:00,4.801022501
2016/7/7 6:15,2.433438981
2016/7/7 6:30,4.557480717
2016/7/7 6:45,5.977930466
2016/7/7 7:00,4.75394058
2016/7/7 7:15,3.975817783
2016/7/7 7:30,4.70833684
2016/7/7 7:45,4.081879358
2016/7/7 8:00,3.325446124
2016/7/7 8:15,2.789744982
2016/7/7 8:30,3.717793807
2016/7/7 8:45,4.670912854
2016/7/7 9:00,5.137521846
2016/7/7 9:15,5.111521644
2016/7/7 9:30,4.711281632
2016/7/7 9:45,5.250734062
2016/7/7 10:00,5.250053488
2016/7/7 10:15,4.674649284
2016/7/7 10:30,6.224474746
2016/7/7 10:45,4.781503725
2016/7/7 11:00,5.735514516
2016/7/7 11:15,6.426433524
2016/7/7 11:30,5.963475518
2016/7/7 11:45,5.606030373
2016/7/7 12:00,6.458939596
2016/7/7 12:15,6.288210538
2016/7/7 12:30,5.899444678
2016/7/7 12:45,6.784715425
2016/7/7 13:00,7.42532423
2016/7/7 13:15,7.838626658
2016/7/7 13:30,6.033691472
2016/7/7 13:45,7.480201187
2016/7/7 14:00,7.30802343
2016/7/7 14:15,7.731481739
2016/7/7 14:30,7.294722229
2016/7/7 14:45,8.028407678
2016/7/7 15:00,6.802900843
2016/7/7 15:15,6.661028863
2016/7/7 15:30,7.382130494
2016/7/7 15:45,6.222294967
2016/7/7 16:00,6.168869726
2016/7/7 16:15,6.957189806
2016/7/7 16:30,5.936104554
2016/7/7 16:45,6.356217565
2016/7/7 17:00,3.849544934
2016/7/7 17:15,6.776045707
2016/7/7 17:30,6.478020663
2016/7/7 17:45,5.620194679
2016/7/7 18:00,6.581570305
2016/7/7 18:15,5.296101884
2016/7/7 18:30,5.999299006
2016/7/7 18:45,6.906518242
2016/7/7 19:00,6.186677991
2016/7/7 19:15,5.649094967
2016/7/7 19:30,4.960950368
2016/7/7 19:45,5.688993312
2016/7/7 20:00,4.676178749
2016/7/7 20:15,6.282483858
2016/7/7 20:30,5.712017129
2016/7/7 20:45,6.593631197
2016/7/7 21:00,6.783254714
2016/7/7 21:15,6.082541118
2016/7/7 21:30,5.058426357
2016/7/7 21:45,6.042193525
2016/7/7 22:00,4.474615955
2016/7/7 22:15,7.51948895
2016/7/7 22:30,5.16566885
2016/7/7 22:45,6.283377933
2016/7/7 23:00,5.528493571
2016/7/7 23:15,7.794298148
2016/7/7 23:30,7.393588194
2016/7/7 23:45,5.875644037
2016/7/8 0:00,5.367103961
2016/7/8 0:15,5.649245213
2016/7/8 0:30,5.945165371
2016/7/8 0:45,4.60391194
2016/7/8 1:00,4.505309471
2016/7/8 1:15,5.092003371
2016/7/8 1:30,5.248185449
2016/7/8 1:45,4.979629803
2016/7/8 2:00,5.308118248
2016/7/8 2:15,5.233592951
2016/7/8 2:30,4.64294394
2016/7/8 2:45,5.652597782
2016/7/8 3:00,5.686761818
2016/7/8 3:15,4.585072456
2016/7/8 3:30,5.056936058
2016/7/8 3:45,4.07518535
2016/7/8 4:00,4.018479265
2016/7/8 4:15,5.366638288
2016/7/8 4:30,5.88520585
2016/7/8 4:45,4.899255032
2016/7/8 5:00,4.714689226
2016/7/8 5:15,5.348886532
2016/7/8 5:30,7.888694333
2016/7/8 5:45,6.050156161
2016/7/8 6:00,4.748636975
2016/7/8 6:15,3.317696212
2016/7/8 6:30,3.352217159
2016/7/8 6:45,3.460629436
2016/7/8 7:00,3.077912188
2016/7/8 7:15,4.031794185
2016/7/8 7:30,3.895825126
2016/7/8 7:45,3.871144132
2016/7/8 8:00,4.209136009
2016/7/8 8:15,3.686258064
2016/7/8 8:30,4.353952664
2016/7/8 8:45,2.820521428
2016/7/8 9:00,3.890458621
2016/7/8 9:15,4.544681241
2016/7/8 9:30,4.421450377
2016/7/8 9:45,3.836733985
2016/7/8 10:00,3.459863618
2016/7/8 10:15,4.790643423
2016/7/8 10:30,5.821727437
2016/7/8 10:45,4.573534592
2016/7/8 11:00,4.298077044
2016/7/8 11:15,4.704253732
2016/7/8 11:30,4.815374675
2016/7/8 11:45,5.129035366
2016/7/8 12:00,3.866516572
2016/7/8 12:15,5.006171635
2016/7/8 12:30,5.804597827
2016/7/8 12:45,3.897922732
2016/7/8 13:00,5.529867963
2016/7/8 13:15,4.42808153
2016/7/8 13:30,5.100072481
2016/7/8 13:45,5.049255566
2016/7/8 14:00,3.546555778
2016/7/8 14:15,5.346392569
2016/7/8 14:30,5.459271575
2016/7/8 14:45,4.389774029
2016/7/8 15:00,4.343737569
2016/7/8 15:15,4.305084284
2016/7/8 15:30,4.244556622
2016/7/8 15:45,4.558371392
2016/7/8 16:00,4.516091704
2016/7/8 16:15,2.735493885
2016/7/8 16:30,4.273358019
2016/7/8 16:45,3.811909956
2016/7/8 17:00,4.861011755
2016/7/8 17:15,3.480429036
2016/7/8 17:30,4.065796037
2016/7/8 17:45,4.34544569
2016/7/8 18:00,4.929938566
2016/7/8 18:15,4.378201426
2016/7/8 18:30,2.838442705
2016/7/8 18:45,4.636174561
2016/7/8 19:00,2.444066376
2016/7/8 19:15,2.163963228
2016/7/8 19:30,3.419928163
2016/7/8 19:45,3.186927823
2016/7/8 20:00,3.07620428
2016/7/8 20:15,4.075030473
2016/7/8 20:30,4.043291082
2016/7/8 20:45,4.515720798
2016/7/8 21:00,4.540768148
2016/7/8 21:15,3.714797766
2016/7/8 21:30,4.432635333
2016/7/8 21:45,4.550760873
2016/7/8 22:00,4.264657677
2016/7/8 22:15,4.737727547
2016/7/8 22:30,3.781450904
2016/7/8 22:45,3.262866794
2016/7/8 23:00,4.151633369
2016/7/8 23:15,3.555382899
2016/7/8 23:30,3.881659114
2016/7/8 23:45,4.536346396
2016/7/9 0:00,4.509082971
2016/7/9 0:15,4.233126692
2016/7/9 0:30,4.772568177
2016/7/9 0:45,5.054688318
2016/7/9 1:00,4.321371093
2016/7/9 1:15,4.178537709
2016/7/9 1:30,4.82313303
2016/7/9 1:45,4.71861937
2016/7/9 2:00,3.971193808
2016/7/9 2:15,4.276272455
2016/7/9 2:30,4.278862192
2016/7/9 2:45,4.713774884
2016/7/9 3:00,5.116038509
2016/7/9 3:15,5.026546785
2016/7/9 3:30,5.131550361
2016/7/9 3:45,5.321798029
2016/7/9 4:00,5.388891856
2016/7/9 4:15,6.810822786
2016/7/9 4:30,4.789356043
2016/7/9 4:45,4.330685667
2016/7/9 5:00,5.203548362
2016/7/9 5:15,4.917111385
2016/7/9 5:30,5.661346526
2016/7/9 5:45,6.305167936
2016/7/9 6:00,6.451818131
2016/7/9 6:15,5.284847617
2016/7/9 6:30,6.497050096
2016/7/9 6:45,5.05294819
2016/7/9 7:00,4.570053179
2016/7/9 7:15,4.114873368
2016/7/9 7:30,5.603417012
2016/7/9 7:45,6.64047849
2016/7/9 8:00,6.252478532
2016/7/9 8:15,5.45683595
2016/7/9 8:30,3.61886521
2016/7/9 8:45,3.208092554
2016/7/9 9:00,5.204778769
2016/7/9 9:15,6.42894775
2016/7/9 9:30,5.569453387
2016/7/9 9:45,4.991484424
2016/7/9 10:00,5.344859695
2016/7/9 10:15,3.994875108
2016/7/9 10:30,4.896996343
2016/7/9 10:45,5.125966419
2016/7/9 11:00,5.069908327
2016/7/9 11:15,5.066573062
2016/7/9 11:30,5.020385049
2016/7/9 11:45,5.404470776
2016/7/9 12:00,5.112849291
2016/7/9 12:15,6.280876193
2016/7/9 12:30,4.985513515
2016/7/9 12:45,5.068657551
2016/7/9 13:00,5.60249519
2016/7/9 13:15,4.481267641
2016/7/9 13:30,4.708136198
2016/7/9 13:45,5.42480339
2016/7/9 14:00,5.116883551
2016/7/9 14:15,7.201511568
2016/7/9 14:30,6.478991149
2016/7/9 14:45,7.481678964
2016/7/9 15:00,5.605440808
2016/7/9 15:15,7.671822572
2016/7/9 15:30,2.094456218
2016/7/9 15:45,0.515302011
2016/7/9 16:00,5.186919934
2016/7/9 16:15,6.052189499
2016/7/9 16:30,6.902210184
2016/7/9 16:45,4.632225166
2016/7/9 17:00,7.427665414
2016/7/9 17:15,6.678459366
2016/7/9 17:30,5.53005763
2016/7/9 17:45,5.714849168
2016/7/9 18:00,5.043141054
2016/7/9 18:15,3.948681034
2016/7/9 18:30,5.453232833
2016/7/9 18:45,6.168496345
2016/7/9 19:00,4.154849185
2016/7/9 19:15,5.624825019
2016/7/9 19:30,5.992575016
2016/7/9 19:45,4.471610494
2016/7/9 20:00,6.00690145
2016/7/9 20:15,4.397771545
2016/7/9 20:30,5.241218657
2016/7/9 20:45,6.090717034
2016/7/9 21:00,6.408002802
2016/7/9 21:15,5.667875458
2016/7/9 21:30,5.377233403
2016/7/9 21:45,6.288443033
2016/7/9 22:00,6.188052361
2016/7/9 22:15,5.127366759
2016/7/9 22:30,5.823323541
2016/7/9 22:45,4.790349364
2016/7/9 23:00,5.035084315
2016/7/9 23:15,4.743962605
2016/7/9 23:30,4.839228409
2016/7/9 23:45,3.502494219
2016/7/10 0:00,6.000794381
2016/7/10 0:15,5.7578167
2016/7/10 0:30,5.919914681
2016/7/10 0:45,5.211537596
2016/7/10 1:00,3.876296613
2016/7/10 1:15,5.075538817
2016/7/10 1:30,4.655745426
2016/7/10 1:45,7.868884068
2016/7/10 2:00,5.782992643
2016/7/10 2:15,8.065716462
2016/7/10 2:30,1.410525118
2016/7/10 2:45,5.828879367
2016/7/10 3:00,9.527683962
2016/7/10 3:15,8.061941654
2016/7/10 3:30,4.260614502
2016/7/10 3:45,4.631365897
2016/7/10 4:00,6.362104952
2016/7/10 4:15,6.282586158
2016/7/10 4:30,5.391556673
2016/7/10 4:45,6.356685727
2016/7/10 5:00,4.022100431
2016/7/10 5:15,4.618172027
2016/7/10 5:30,6.400978562
2016/7/10 5:45,6.1313844
2016/7/10 6:00,6.066601098
2016/7/10 6:15,6.226401152
2016/7/10 6:30,8.135910787
2016/7/10 6:45,6.336811407
2016/7/10 7:00,5.163800086
2016/7/10 7:15,5.385474579
2016/7/10 7:30,5.5339574
2016/7/10 7:45,4.64561071
2016/7/10 8:00,5.279398993
2016/7/10 8:15,4.809391258
2016/7/10 8:30,6.082146678
2016/7/10 8:45,5.61787748
2016/7/10 9:00,6.201997772
2016/7/10 9:15,6.588439456
2016/7/10 9:30,6.023159698
2016/7/10 9:45,5.690397585
2016/7/10 10:00,6.968878792
2016/7/10 10:15,6.810041578
2016/7/10 10:30,6.971418191
2016/7/10 10:45,6.417802631
2016/7/10 11:00,6.923629233
2016/7/10 11:15,7.236066872
2016/7/10 11:30,7.022863326
2016/7/10 11:45,7.716822269
2016/7/10 12:00,7.436043128
2016/7/10 12:15,7.81505225
2016/7/10 12:30,8.153464421
2016/7/10 12:45,7.631862089
2016/7/10 13:00,7.826194747
2016/7/10 13:15,7.469750643
2016/7/10 13:30,7.332941662
2016/7/10 13:45,7.354426991
2016/7/10 14:00,7.548989662
2016/7/10 14:15,7.552214694
2016/7/10 14:30,7.506921559
2016/7/10 14:45,6.318972776
2016/7/10 15:00,7.865637251
2016/7/10 15:15,7.830675746
2016/7/10 15:30,5.830442976
2016/7/10 15:45,6.685789077
2016/7/10 16:00,6.042304624
2016/7/10 16:15,6.463651186
2016/7/10 16:30,6.247700075
2016/7/10 16:45,5.898969778
2016/7/10 17:00,6.797494481
2016/7/10 17:15,6.080767179
2016/7/10 17:30,7.756817155
2016/7/10 17:45,6.460722249
2016/7/10 18:00,5.238207553
2016/7/10 18:15,6.693537293
2016/7/10 18:30,5.791226499
2016/7/10 18:45,4.045567789
2016/7/10 19:00,5.371905905
2016/7/10 19:15,6.803600372
2016/7/10 19:30,4.227364822
2016/7/10 19:45,5.930526252
2016/7/10 20:00,5.813457807
2016/7/10 20:15,5.943902559
2016/7/10 20:30,5.672800788
2016/7/10 20:45,5.653834927
2016/7/10 21:00,5.464319322
2016/7/10 21:15,5.116746688
2016/7/10 21:30,6.001412112
2016/7/10 21:45,5.870020499
2016/7/10 22:00,6.50145856
2016/7/10 22:15,6.484644917
2016/7/10 22:30,6.700144085
2016/7/10 22:45,6.59266558
2016/7/10 23:00,7.483366854
2016/7/10 23:15,7.239778619
2016/7/10 23:30,6.745720476
2016/7/10 23:45,7.795702992
2016/7/11 0:00,7.960647504
2016/7/11 0:15,7.521501825
2016/7/11 0:30,5.726303086
2016/7/11 0:45,5.874895988
2016/7/11 1:00,5.157040428
2016/7/11 1:15,4.48223731
2016/7/11 1:30,5.30571357
2016/7/11 1:45,5.352171881
2016/7/11 2:00,5.539189117
2016/7/11 2:15,5.471049819
2016/7/11 2:30,6.235535727
2016/7/11 2:45,5.476100253
2016/7/11 3:00,4.639925281
2016/7/11 3:15,5.679789411
2016/7/11 3:30,5.588235573
2016/7/11 3:45,5.628409003
2016/7/11 4:00,5.830569776
2016/7/11 4:15,4.749487757
2016/7/11 4:30,4.702055528
2016/7/11 4:45,4.549613399
2016/7/11 5:00,6.273093059
2016/7/11 5:15,5.538933956
2016/7/11 5:30,5.04888548
2016/7/11 5:45,5.451837547
2016/7/11 6:00,4.796292219
2016/7/11 6:15,4.573922023
2016/7/11 6:30,5.745191242
2016/7/11 6:45,4.426402361
2016/7/11 7:00,5.600481321
2016/7/11 7:15,4.530555838
2016/7/11 7:30,5.021493137
2016/7/11 7:45,4.31751753
2016/7/11 8:00,4.087017152
2016/7/11 8:15,4.625651289
2016/7/11 8:30,5.48384303
2016/7/11 8:45,5.53786276
2016/7/11 9:00,5.670335635
2016/7/11 9:15,7.05185629
2016/7/11 9:30,6.63183158
2016/7/11 9:45,5.919562349
2016/7/11 10:00,6.626014464
2016/7/11 10:15,5.40268747
2016/7/11 10:30,6.956794653
2016/7/11 10:45,6.56501288
2016/7/11 11:00,6.126482273
2016/7/11 11:15,7.31599378
2016/7/11 11:30,8.00024805
2016/7/11 11:45,7.562488464
2016/7/11 12:00,9.000346347
2016/7/11 12:15,6.876671862
2016/7/11 12:30,8.260058441
2016/7/11 12:45,8.152775193
2016/7/11 13:00,7.837017477
2016/7/11 13:15,7.404189716
2016/7/11 13:30,7.820249912
2016/7/11 13:45,7.743564586
2016/7/11 14:00,7.710577429
2016/7/11 14:15,7.67948982
2016/7/11 14:30,8.139962201
2016/7/11 14:45,8.224816662
2016/7/11 15:00,7.682744815
2016/7/11 15:15,7.90818893
2016/7/11 15:30,8.193430808
2016/7/11 15:45,8.000856636
2016/7/11 16:00,8.763501732
2016/7/11 16:15,7.905299205
2016/7/11 16:30,8.156367844
2016/7/11 16:45,8.388658866
2016/7/11 17:00,8.031039561
2016/7/11 17:15,7.294255118
2016/7/11 17:30,7.940969733
2016/7/11 17:45,7.496613712
2016/7/11 18:00,6.585970182
2016/7/11 18:15,8.100898959
2016/7/11 18:30,7.704119632
2016/7/11 18:45,7.695693218
2016/7/11 19:00,7.967208891
2016/7/11 19:15,8.184997994
2016/7/11 19:30,7.834538747
2016/7/11 19:45,8.383815456
2016/7/11 20:00,6.887463818
2016/7/11 20:15,7.621576025
2016/7/11 20:30,7.892654146
2016/7/11 20:45,7.466480531
2016/7/11 21:00,7.577395693
2016/7/11 21:15,7.882287973
2016/7/11 21:30,7.179791986
2016/7/11 21:45,7.356005259
2016/7/11 22:00,6.961351732
2016/7/11 22:15,6.963930535
2016/7/11 22:30,6.958663041
2016/7/11 22:45,6.613730404
2016/7/11 23:00,6.063385483
2016/7/11 23:15,6.357775606
2016/7/11 23:30,7.246552108
2016/7/11 23:45,6.488821844
2016/7/12 0:00,6.388574693
2016/7/12 0:15,7.063534126
2016/7/12 0:30,5.29145661
2016/7/12 0:45,5.923985976
2016/7/12 1:00,5.357201196
2016/7/12 1:15,4.958397784
2016/7/12 1:30,5.708038717
2016/7/12 1:45,5.859009158
2016/7/12 2:00,5.527541468
2016/7/12 2:15,4.890769885
2016/7/12 2:30,5.906029146
2016/7/12 2:45,6.258808563
2016/7/12 3:00,4.945860207
2016/7/12 3:15,6.175161686
2016/7/12 3:30,4.380314525
2016/7/12 3:45,4.526475222
2016/7/12 4:00,4.870138224
2016/7/12 4:15,4.851891522
2016/7/12 4:30,5.104951927
2016/7/12 4:45,4.429854471
2016/7/12 5:00,4.292046122
2016/7/12 5:15,5.127828456
2016/7/12 5:30,4.795015437
2016/7/12 5:45,5.058371764
2016/7/12 6:00,5.443665698
2016/7/12 6:15,5.186467809
2016/7/12 6:30,5.32584119
2016/7/12 6:45,3.854332478
2016/7/12 7:00,4.155902275
2016/7/12 7:15,3.722883904
2016/7/12 7:30,3.550223454
2016/7/12 7:45,2.996783233
2016/7/12 8:00,3.431961912
2016/7/12 8:15,3.658595625
2016/7/12 8:30,3.219941578
2016/7/12 8:45,2.875909678
2016/7/12 9:00,3.440769536
2016/7/12 9:15,3.026033746
2016/7/12 9:30,2.103717174
2016/7/12 9:45,2.450162932
2016/7/12 10:00,3.007453453
2016/7/12 10:15,3.827312658
2016/7/12 10:30,2.711342259
2016/7/12 10:45,2.609978119
2016/7/12 11:00,2.42722332
2016/7/12 11:15,2.900185222
2016/7/12 11:30,2.22350721
2016/7/12 11:45,3.501734403
2016/7/12 12:00,3.344871218
2016/7/12 12:15,4.992167019
2016/7/12 12:30,3.906459922
2016/7/12 12:45,3.51127621
2016/7/12 13:00,4.52598983
2016/7/12 13:15,5.183443346
2016/7/12 13:30,5.148050656
2016/7/12 13:45,5.488096842
2016/7/12 14:00,5.035707341
2016/7/12 14:15,4.641548604
2016/7/12 14:30,4.131483953
2016/7/12 14:45,4.040297067
2016/7/12 15:00,4.606398654
2016/7/12 15:15,4.191221931
2016/7/12 15:30,4.718530816
2016/7/12 15:45,4.47834754
2016/7/12 16:00,3.977941367
2016/7/12 16:15,4.025353158
2016/7/12 16:30,3.423192431
2016/7/12 16:45,3.998675477
2016/7/12 17:00,3.650979859
2016/7/12 17:15,2.957348959
2016/7/12 17:30,3.719900631
2016/7/12 17:45,3.646365025
2016/7/12 18:00,3.214662747
2016/7/12 18:15,3.30180993
2016/7/12 18:30,2.593430106
2016/7/12 18:45,3.575451251
2016/7/12 19:00,3.018568885
2016/7/12 19:15,2.366065759
2016/7/12 19:30,2.550789033
2016/7/12 19:45,1.802792183
2016/7/12 20:00,2.411279459
2016/7/12 20:15,2.318235009
2016/7/12 20:30,3.115233946
2016/7/12 20:45,2.325219493
2016/7/12 21:00,2.721071753
2016/7/12 21:15,1.714873414
2016/7/12 21:30,1.758343496
2016/7/12 21:45,3.040628147
2016/7/12 22:00,2.233377023
2016/7/12 22:15,2.31324137
2016/7/12 22:30,2.404007127
2016/7/12 22:45,2.276483142
2016/7/12 23:00,2.084539252
2016/7/12 23:15,2.992762819
2016/7/12 23:30,2.049929113
2016/7/12 23:45,2.822263828
2016/7/13 0:00,2.003933774
2016/7/13 0:15,2.329714603
2016/7/13 0:30,4.460946602
2016/7/13 0:45,5.350730665
2016/7/13 1:00,4.62380999
2016/7/13 1:15,3.955987597
2016/7/13 1:30,3.871862805
2016/7/13 1:45,4.619975901
2016/7/13 2:00,3.377109408
2016/7/13 2:15,4.333120234
2016/7/13 2:30,4.009465327
2016/7/13 2:45,4.325212161
2016/7/13 3:00,3.539630727
2016/7/13 3:15,3.115084129
2016/7/13 3:30,3.950697347
2016/7/13 3:45,3.5061486
2016/7/13 4:00,3.327715801
2016/7/13 4:15,3.569203915
2016/7/13 4:30,3.579850446
2016/7/13 4:45,3.437618449
2016/7/13 5:00,3.804786754
2016/7/13 5:15,3.016268298
2016/7/13 5:30,3.521063697
2016/7/13 5:45,3.738188324
2016/7/13 6:00,3.445967001
2016/7/13 6:15,3.507416087
2016/7/13 6:30,3.943730632
2016/7/13 6:45,3.750321258
2016/7/13 7:00,3.2280822
2016/7/13 7:15,3.58405443
2016/7/13 7:30,3.806505845
2016/7/13 7:45,2.919813665
2016/7/13 8:00,1.406038929
2016/7/13 8:15,1.395867047
2016/7/13 8:30,3.238340127
2016/7/13 8:45,2.38177046
2016/7/13 9:00,1.912859998
2016/7/13 9:15,1.688145513
2016/7/13 9:30,2.719691108
2016/7/13 9:45,0.440771638
2016/7/13 10:00,1.503407015
2016/7/13 10:15,3.120524894
2016/7/13 10:30,0.706702272
2016/7/13 10:45,0.743329023
2016/7/13 11:00,2.609260683
2016/7/13 11:15,3.0890336
2016/7/13 11:30,2.778749271
2016/7/13 11:45,4.036133314
2016/7/13 12:00,3.535745191
2016/7/13 12:15,3.508447584
2016/7/13 12:30,3.763877872
2016/7/13 12:45,4.135674833
2016/7/13 13:00,4.753304479
2016/7/13 13:15,2.742477285
2016/7/13 13:30,2.94400304
2016/7/13 13:45,2.596176998
2016/7/13 14:00,3.945999884
2016/7/13 14:15,5.431425503
2016/7/13 14:30,4.473967779
2016/7/13 14:45,4.226325403
2016/7/13 15:00,3.163749679
2016/7/13 15:15,1.250934863
2016/7/13 15:30,3.077341522
2016/7/13 15:45,2.887768757
2016/7/13 16:00,3.19754572
2016/7/13 16:15,4.471942979
2016/7/13 16:30,3.44690066
2016/7/13 16:45,3.820236015
2016/7/13 17:00,3.883932549
2016/7/13 17:15,3.954404247
2016/7/13 17:30,3.485408184
2016/7/13 17:45,2.516300315
2016/7/13 18:00,4.515468869
2016/7/13 18:15,2.077263393
2016/7/13 18:30,3.767266547
2016/7/13 18:45,4.844054925
2016/7/13 19:00,3.39150745
2016/7/13 19:15,3.213521982
2016/7/13 19:30,3.645054257
2016/7/13 19:45,2.913145251
2016/7/13 20:00,3.788667445
2016/7/13 20:15,3.570409674
2016/7/13 20:30,4.584008277
2016/7/13 20:45,3.082450965
2016/7/13 21:00,3.72910914
2016/7/13 21:15,3.456722229
2016/7/13 21:30,3.2001798
2016/7/13 21:45,3.904486292
2016/7/13 22:00,4.917473938
2016/7/13 22:15,2.431982012
2016/7/13 22:30,3.741057431
2016/7/13 22:45,4.238816294
2016/7/13 23:00,3.909845751
2016/7/13 23:15,4.044109343
2016/7/13 23:30,3.570534919
2016/7/13 23:45,2.879454607
2016/7/14 0:00,3.100666215
2016/7/14 0:15,3.16830914
2016/7/14 0:30,2.649449532
2016/7/14 0:45,2.90301506
2016/7/14 1:00,1.994935854
2016/7/14 1:15,1.531617876
2016/7/14 1:30,1.534125274
2016/7/14 1:45,1.606383133
2016/7/14 2:00,1.112904452
2016/7/14 2:15,1.303521186
2016/7/14 2:30,1.572971036
2016/7/14 2:45,2.39273044
2016/7/14 3:00,2.32923844
2016/7/14 3:15,2.024493864
2016/7/14 3:30,3.012619465
2016/7/14 3:45,2.349230264
2016/7/14 4:00,2.47929178
2016/7/14 4:15,2.33678971
2016/7/14 4:30,2.779368264
2016/7/14 4:45,3.443929253
2016/7/14 5:00,3.48267178
2016/7/14 5:15,3.372546018
2016/7/14 5:30,2.991759662
2016/7/14 5:45,3.191938668
2016/7/14 6:00,3.53896615
2016/7/14 6:15,3.797977461
2016/7/14 6:30,3.775157191
2016/7/14 6:45,2.947819662
2016/7/14 7:00,5.021303744
2016/7/14 7:15,2.796585264
2016/7/14 7:30,2.624017903
2016/7/14 7:45,2.806452378
2016/7/14 8:00,2.916667338
2016/7/14 8:15,3.102162367
2016/7/14 8:30,4.258796876
2016/7/14 8:45,2.388609302
2016/7/14 9:00,2.210205753
2016/7/14 9:15,2.299260554
2016/7/14 9:30,2.420317708
2016/7/14 9:45,4.245898913
2016/7/14 10:00,2.626025913
2016/7/14 10:15,2.723944964
2016/7/14 10:30,3.240646872
2016/7/14 10:45,2.870895399
2016/7/14 11:00,3.79629348
2016/7/14 11:15,5.260467108
2016/7/14 11:30,4.387415271
2016/7/14 11:45,4.473021443
2016/7/14 12:00,5.340539575
2016/7/14 12:15,5.89347357
2016/7/14 12:30,4.784753019
2016/7/14 12:45,5.743319409
2016/7/14 13:00,6.502788472
2016/7/14 13:15,5.826038674
2016/7/14 13:30,5.182334819
2016/7/14 13:45,4.676039942
2016/7/14 14:00,5.601934461
2016/7/14 14:15,4.496534041
2016/7/14 14:30,4.070709223
2016/7/14 14:45,3.807060677
2016/7/14 15:00,4.202151409
2016/7/14 15:15,3.699149866
2016/7/14 15:30,6.04978592
2016/7/14 15:45,4.173680593
2016/7/14 16:00,3.418624276
2016/7/14 16:15,5.20603734
2016/7/14 16:30,3.446320214
2016/7/14 16:45,5.116179111
2016/7/14 17:00,4.58638934
2016/7/14 17:15,3.767388008
2016/7/14 17:30,4.712693526
2016/7/14 17:45,4.505594222
2016/7/14 18:00,5.715342072
2016/7/14 18:15,5.269832261
2016/7/14 18:30,4.985627113
2016/7/14 18:45,5.530465062
2016/7/14 19:00,4.524839857
2016/7/14 19:15,4.571703567
2016/7/14 19:30,5.416934798
2016/7/14 19:45,4.502552976
2016/7/14 20:00,4.184474926
2016/7/14 20:15,4.435503054
2016/7/14 20:30,4.525390921
2016/7/14 20:45,4.203093367
2016/7/14 21:00,4.468892981
2016/7/14 21:15,4.441809065
2016/7/14 21:30,4.495477365
2016/7/14 21:45,5.45342836
2016/7/14 22:00,4.393228753
2016/7/14 22:15,4.607342463
2016/7/14 22:30,4.903427904
2016/7/14 22:45,4.165437826
2016/7/14 23:00,4.709633767
2016/7/14 23:15,4.446981062
2016/7/14 23:30,5.106928838
2016/7/14 23:45,5.09830384
2016/7/15 0:00,4.633251189
2016/7/15 0:15,5.201450404
2016/7/15 0:30,4.43912679
2016/7/15 0:45,4.290826726
2016/7/15 1:00,5.098577632
2016/7/15 1:15,4.256142383
2016/7/15 1:30,4.113922638
2016/7/15 1:45,3.902441924
2016/7/15 2:00,3.275861127
2016/7/15 2:15,4.691732683
2016/7/15 2:30,4.657178533
2016/7/15 2:45,5.101235652
2016/7/15 3:00,5.323622259
2016/7/15 3:15,4.769349389
2016/7/15 3:30,4.48838398
2016/7/15 3:45,5.512354492
2016/7/15 4:00,4.687550635
2016/7/15 4:15,5.055393089
2016/7/15 4:30,3.651179155
2016/7/15 4:45,3.779847371
2016/7/15 5:00,4.920305514
2016/7/15 5:15,4.998460287
2016/7/15 5:30,5.413885477
2016/7/15 5:45,5.578187509
2016/7/15 6:00,4.821272613
2016/7/15 6:15,5.184823624
2016/7/15 6:30,5.715716059
2016/7/15 6:45,5.02303929
2016/7/15 7:00,4.439651307
2016/7/15 7:15,4.924252812
2016/7/15 7:30,4.586206062
2016/7/15 7:45,4.547705174
2016/7/15 8:00,4.228558739
2016/7/15 8:15,4.759164537
2016/7/15 8:30,4.892785893
2016/7/15 8:45,4.626170107
2016/7/15 9:00,4.731231756
2016/7/15 9:15,4.850233194
2016/7/15 9:30,4.80070552
2016/7/15 9:45,5.016588969
2016/7/15 10:00,4.280618785
2016/7/15 10:15,4.846601492
2016/7/15 10:30,4.519829399
2016/7/15 10:45,4.633380801
2016/7/15 11:00,4.416179618
2016/7/15 11:15,4.892676519
2016/7/15 11:30,4.417460249
2016/7/15 11:45,5.30760654
2016/7/15 12:00,4.926370495
2016/7/15 12:15,4.564838186
2016/7/15 12:30,5.16760683
2016/7/15 12:45,5.39966296
2016/7/15 13:00,5.543604357
2016/7/15 13:15,6.912617377
2016/7/15 13:30,6.322097803
2016/7/15 13:45,4.674541234
2016/7/15 14:00,6.337949499
2016/7/15 14:15,6.14744006
2016/7/15 14:30,4.506291161
2016/7/15 14:45,5.765962725
2016/7/15 15:00,6.319005494
2016/7/15 15:15,6.216695207
2016/7/15 15:30,5.260782424
2016/7/15 15:45,5.839706452
2016/7/15 16:00,7.772540878
2016/7/15 16:15,5.988521282
2016/7/15 16:30,6.127762939
2016/7/15 16:45,6.87017074
2016/7/15 17:00,5.706371347
2016/7/15 17:15,6.582315292
2016/7/15 17:30,7.331962093
2016/7/15 17:45,4.989790887
2016/7/15 18:00,7.292366313
2016/7/15 18:15,5.253009787
2016/7/15 18:30,5.563386218
2016/7/15 18:45,4.188609497
2016/7/15 19:00,3.946681533
2016/7/15 19:15,2.051796312
2016/7/15 19:30,2.105030195
2016/7/15 19:45,2.893504477
2016/7/15 20:00,2.612892827
2016/7/15 20:15,2.299318389
2016/7/15 20:30,3.558637991
2016/7/15 20:45,4.375466956
2016/7/15 21:00,4.391375387
2016/7/15 21:15,4.532567631
2016/7/15 21:30,4.69186438
2016/7/15 21:45,5.55834514
2016/7/15 22:00,5.380353159
2016/7/15 22:15,5.314739781
2016/7/15 22:30,4.195580306
2016/7/15 22:45,4.854646112
2016/7/15 23:00,4.59341889
2016/7/15 23:15,5.002243973
2016/7/15 23:30,4.702055737
2016/7/15 23:45,4.669321999
2016/7/16 0:00,4.598947498
2016/7/16 0:15,4.946463577
2016/7/16 0:30,5.144964426
2016/7/16 0:45,4.810225119
2016/7/16 1:00,5.240032235
2016/7/16 1:15,4.471441628
2016/7/16 1:30,5.572951641
2016/7/16 1:45,5.908877263
2016/7/16 2:00,5.791287278
2016/7/16 2:15,6.270140072
2016/7/16 2:30,6.0240355
2016/7/16 2:45,5.340843982
2016/7/16 3:00,5.949820593
2016/7/16 3:15,5.688031705
2016/7/16 3:30,4.574289226
2016/7/16 3:45,5.972966258
2016/7/16 4:00,5.170939504
2016/7/16 4:15,4.818216298
2016/7/16 4:30,2.700855816
2016/7/16 4:45,3.537130271
2016/7/16 5:00,5.021426522
2016/7/16 5:15,4.862570884
2016/7/16 5:30,4.587637756
2016/7/16 5:45,5.113462138
2016/7/16 6:00,4.566077021
2016/7/16 6:15,5.057888219
2016/7/16 6:30,4.710946599
2016/7/16 6:45,4.016435234
2016/7/16 7:00,4.897747171
2016/7/16 7:15,5.500875221
2016/7/16 7:30,4.657952562
2016/7/16 7:45,3.539338704
2016/7/16 8:00,3.565167135
2016/7/16 8:15,3.063164388
2016/7/16 8:30,3.34693196
2016/7/16 8:45,4.554640818
2016/7/16 9:00,3.019836319
2016/7/16 9:15,3.847838025
2016/7/16 9:30,4.204127283
2016/7/16 9:45,3.908706271
2016/7/16 10:00,4.229431581
2016/7/16 10:15,3.743761428
2016/7/16 10:30,4.545614174
2016/7/16 10:45,3.807466256
2016/7/16 11:00,3.837693541
2016/7/16 11:15,3.773114836
2016/7/16 11:30,2.857720924
2016/7/16 11:45,3.396496506
2016/7/16 12:00,2.932573409
2016/7/16 12:15,2.025118658
2016/7/16 12:30,2.301387698
2016/7/16 12:45,2.484791032
2016/7/16 13:00,3.12347995
2016/7/16 13:15,3.260443194
2016/7/16 13:30,2.891533255
2016/7/16 13:45,2.429061151
2016/7/16 14:00,2.548506051
2016/7/16 14:15,2.470712064
2016/7/16 14:30,2.669114503
2016/7/16 14:45,3.469340061
2016/7/16 15:00,3.378489188
2016/7/16 15:15,3.493989617
2016/7/16 15:30,3.419142233
2016/7/16 15:45,2.274758167
2016/7/16 16:00,2.3745917
2016/7/16 16:15,3.523935662
2016/7/16 16:30,1.560977051
2016/7/16 16:45,4.014383093
2016/7/16 17:00,3.514499132
2016/7/16 17:15,2.848911834
2016/7/16 17:30,5.171893387
2016/7/16 17:45,0.99262374
2016/7/16 18:00,4.043935978
2016/7/16 18:15,2.576196184
2016/7/16 18:30,2.721958055
2016/7/16 18:45,2.413812364
2016/7/16 19:00,3.291719717
2016/7/16 19:15,4.13959961
2016/7/16 19:30,6.418328601
2016/7/16 19:45,5.190788554
2016/7/16 20:00,2.804415355
2016/7/16 20:15,3.85473598
2016/7/16 20:30,3.16878372
2016/7/16 20:45,3.278803484
2016/7/16 21:00,4.482831375
2016/7/16 21:15,2.814889113
2016/7/16 21:30,4.06402391
2016/7/16 21:45,4.126047012
2016/7/16 22:00,4.36329955
2016/7/16 22:15,4.058928347
2016/7/16 22:30,4.210606349
2016/7/16 22:45,4.284869466
2016/7/16 23:00,4.381141633
2016/7/16 23:15,5.17563701
2016/7/16 23:30,6.076576259
2016/7/16 23:45,6.528655607
2016/7/17 0:00,5.851229328
2016/7/17 0:15,4.654625241
2016/7/17 0:30,3.831142554
2016/7/17 0:45,4.644960279
2016/7/17 1:00,5.164336253
2016/7/17 1:15,6.221732228
2016/7/17 1:30,5.193944911
2016/7/17 1:45,5.15008129
2016/7/17 2:00,5.369373766
2016/7/17 2:15,6.323968611
2016/7/17 2:30,6.783799994
2016/7/17 2:45,6.390556995
2016/7/17 3:00,6.525827655
2016/7/17 3:15,5.100187434
2016/7/17 3:30,6.138081845
2016/7/17 3:45,6.567421221
2016/7/17 4:00,6.471057896
2016/7/17 4:15,5.961137777
2016/7/17 4:30,5.523610225
2016/7/17 4:45,5.284844096
2016/7/17 5:00,5.993177583
2016/7/17 5:15,4.703279879
2016/7/17 5:30,5.013390293
2016/7/17 5:45,5.936912266
2016/7/17 6:00,5.211935831
2016/7/17 6:15,5.822568929
2016/7/17 6:30,5.217868306
2016/7/17 6:45,4.552337557
2016/7/17 7:00,5.707964522
2016/7/17 7:15,4.43330848
2016/7/17 7:30,3.460936979
2016/7/17 7:45,2.930055881
2016/7/17 8:00,3.127973121
2016/7/17 8:15,4.045235823
2016/7/17 8:30,3.87992164
2016/7/17 8:45,3.565821224
2016/7/17 9:00,4.43652049
2016/7/17 9:15,2.279878489
2016/7/17 9:30,3.159034334
2016/7/17 9:45,4.169022801
2016/7/17 10:00,3.847080194
2016/7/17 10:15,2.799257882
2016/7/17 10:30,3.308077997
2016/7/17 10:45,2.931347747
2016/7/17 11:00,3.031726581
2016/7/17 11:15,2.156198644
2016/7/17 11:30,2.570540649
2016/7/17 11:45,3.217886132
2016/7/17 12:00,2.055234963
2016/7/17 12:15,3.136761419
2016/7/17 12:30,3.258348156
2016/7/17 12:45,3.526307775
2016/7/17 13:00,3.896767416
2016/7/17 13:15,5.280722361
2016/7/17 13:30,4.402127112
2016/7/17 13:45,3.208566585
2016/7/17 14:00,3.309191063
2016/7/17 14:15,3.40804937
2016/7/17 14:30,3.592242817
2016/7/17 14:45,4.895751403
2016/7/17 15:00,4.16044607
2016/7/17 15:15,4.721002183
2016/7/17 15:30,5.286467435
2016/7/17 15:45,5.013251384
2016/7/17 16:00,4.94828967
2016/7/17 16:15,4.576931892
2016/7/17 16:30,5.797815044
2016/7/17 16:45,5.761450713
2016/7/17 17:00,4.930188229
2016/7/17 17:15,6.177609369
2016/7/17 17:30,6.410111133
2016/7/17 17:45,6.19930556
2016/7/17 18:00,5.210850572
2016/7/17 18:15,6.015035483
2016/7/17 18:30,6.004705329
2016/7/17 18:45,5.606538357
2016/7/17 19:00,7.040060592
2016/7/17 19:15,6.287058874
2016/7/17 19:30,6.107113608
2016/7/17 19:45,6.28061762
2016/7/17 20:00,6.518923675
2016/7/17 20:15,5.687954265
2016/7/17 20:30,5.637476832
2016/7/17 20:45,5.109731059
2016/7/17 21:00,6.796935033
2016/7/17 21:15,6.183746089
2016/7/17 21:30,5.267002946
2016/7/17 21:45,6.108192938
2016/7/17 22:00,7.204886401
2016/7/17 22:15,6.040757993
2016/7/17 22:30,6.128096577
2016/7/17 22:45,5.736483556
2016/7/17 23:00,5.417988289
2016/7/17 23:15,6.161954806
2016/7/17 23:30,5.987132068
2016/7/17 23:45,6.774539352
2016/7/18 0:00,6.573652348
2016/7/18 0:15,7.048966048
2016/7/18 0:30,4.812730679
2016/7/18 0:45,5.322104416
2016/7/18 1:00,4.471453657
2016/7/18 1:15,5.18208092
2016/7/18 1:30,4.580876152
2016/7/18 1:45,4.401591786
2016/7/18 2:00,3.82146936
2016/7/18 2:15,4.561729781
2016/7/18 2:30,4.605422007
2016/7/18 2:45,3.870941255
2016/7/18 3:00,4.244529062
2016/7/18 3:15,4.193548237
2016/7/18 3:30,4.428985441
2016/7/18 3:45,3.152730757
2016/7/18 4:00,4.752248809
2016/7/18 4:15,5.618144835
2016/7/18 4:30,5.912176883
2016/7/18 4:45,5.247800135
2016/7/18 5:00,4.211927462
2016/7/18 5:15,4.639982719
2016/7/18 5:30,4.220492212
2016/7/18 5:45,5.427497265
2016/7/18 6:00,5.681864622
2016/7/18 6:15,5.072071586
2016/7/18 6:30,4.65586446
2016/7/18 6:45,5.089088756
2016/7/18 7:00,5.046433212
2016/7/18 7:15,5.021008743
2016/7/18 7:30,4.522013435
2016/7/18 7:45,4.046053208
2016/7/18 8:00,4.83378358
2016/7/18 8:15,4.431311679
2016/7/18 8:30,4.851543294
2016/7/18 8:45,4.5482023
2016/7/18 9:00,4.037322086
2016/7/18 9:15,4.018052482
2016/7/18 9:30,5.288564208
2016/7/18 9:45,5.097096761
2016/7/18 10:00,5.237465703
2016/7/18 10:15,4.889409399
2016/7/18 10:30,4.238688845
2016/7/18 10:45,4.707635963
2016/7/18 11:00,4.881029662
2016/7/18 11:15,5.003362914
2016/7/18 11:30,5.571899903
2016/7/18 11:45,5.555906062
2016/7/18 12:00,5.42143983
2016/7/18 12:15,5.973081593
2016/7/18 12:30,7.307006872
2016/7/18 12:45,5.554657052
2016/7/18 13:00,5.5049287
2016/7/18 13:15,7.584071405
2016/7/18 13:30,6.110947804
2016/7/18 13:45,7.457474133
2016/7/18 14:00,6.149447664
2016/7/18 14:15,5.7689304
2016/7/18 14:30,6.770586586
2016/7/18 14:45,7.709990687
2016/7/18 15:00,7.388633588
2016/7/18 15:15,6.69929384
2016/7/18 15:30,5.903793765
2016/7/18 15:45,6.566843298
2016/7/18 16:00,4.821990293
2016/7/18 16:15,6.389042537
2016/7/18 16:30,11.43603582
2016/7/18 16:45,1.733672603
2016/7/18 17:00,6.296785735
2016/7/18 17:15,6.689539778
2016/7/18 17:30,5.821438196
2016/7/18 17:45,9.00342529
2016/7/18 18:00,3.382106607
2016/7/18 18:15,5.370777282
2016/7/18 18:30,6.387686421
2016/7/18 18:45,7.915681606
2016/7/18 19:00,5.141240809
2016/7/18 19:15,4.440832251
2016/7/18 19:30,6.524236715
2016/7/18 19:45,5.718930617
2016/7/18 20:00,7.258088991
2016/7/18 20:15,3.919811607
2016/7/18 20:30,3.945116526
2016/7/18 20:45,4.701725611
2016/7/18 21:00,4.733424821
2016/7/18 21:15,6.057086772
2016/7/18 21:30,4.944930953
2016/7/18 21:45,4.796933201
2016/7/18 22:00,4.934622718
2016/7/18 22:15,3.414900795
2016/7/18 22:30,3.596655227
2016/7/18 22:45,5.737659766
2016/7/18 23:00,6.209282058
2016/7/18 23:15,5.228709255
2016/7/18 23:30,6.644794082
2016/7/18 23:45,6.326716602
2016/7/19 0:00,7.027780606
2016/7/19 0:15,3.916570715
2016/7/19 0:30,4.442185909
2016/7/19 0:45,5.389603936
2016/7/19 1:00,5.9371139
2016/7/19 1:15,8.070447433
2016/7/19 1:30,8.191739302
2016/7/19 1:45,6.740011202
2016/7/19 2:00,6.825776728
2016/7/19 2:15,7.198464427
2016/7/19 2:30,6.415236063
2016/7/19 2:45,5.72572545
2016/7/19 3:00,6.54108815
2016/7/19 3:15,6.227943831
2016/7/19 3:30,7.080645862
2016/7/19 3:45,7.188989325
2016/7/19 4:00,7.027517272
2016/7/19 4:15,6.839359292
2016/7/19 4:30,6.620848281
2016/7/19 4:45,6.122110383
2016/7/19 5:00,6.486983282
2016/7/19 5:15,5.969470181
2016/7/19 5:30,5.796963564
2016/7/19 5:45,6.227493822
2016/7/19 6:00,7.367204616
2016/7/19 6:15,5.86255068
2016/7/19 6:30,5.361237874
2016/7/19 6:45,7.731666876
2016/7/19 7:00,5.41163334
2016/7/19 7:15,5.518097523
2016/7/19 7:30,5.193820724
2016/7/19 7:45,7.014233915
2016/7/19 8:00,5.881072854
2016/7/19 8:15,5.571246124
2016/7/19 8:30,6.248735734
2016/7/19 8:45,6.59537654
2016/7/19 9:00,7.170378609
2016/7/19 9:15,6.208151622
2016/7/19 9:30,4.935292954
2016/7/19 9:45,5.010449313
2016/7/19 10:00,5.134136226
2016/7/19 10:15,6.509235025
2016/7/19 10:30,5.632510512
2016/7/19 10:45,5.771655008
2016/7/19 11:00,5.629897711
2016/7/19 11:15,4.745143227
2016/7/19 11:30,4.563396434
2016/7/19 11:45,4.826573589
2016/7/19 12:00,6.30387224
2016/7/19 12:15,4.563397784
2016/7/19 12:30,6.508426881
2016/7/19 12:45,6.113356323
2016/7/19 13:00,5.551009269
2016/7/19 13:15,4.676521084
2016/7/19 13:30,6.999235069
2016/7/19 13:45,5.225595377
2016/7/19 14:00,5.339559357
2016/7/19 14:15,6.630085253
2016/7/19 14:30,6.316757223
2016/7/19 14:45,6.142993574
2016/7/19 15:00,5.355543863
2016/7/19 15:15,5.667648573
2016/7/19 15:30,5.716958023
2016/7/19 15:45,7.050965996
2016/7/19 16:00,7.685608029
2016/7/19 16:15,7.074972149
2016/7/19 16:30,6.509485397
2016/7/19 16:45,6.766128191
2016/7/19 17:00,6.573765324
2016/7/19 17:15,6.833439425
2016/7/19 17:30,5.991533501
2016/7/19 17:45,6.597209622
2016/7/19 18:00,6.336507673
2016/7/19 18:15,7.035426444
2016/7/19 18:30,6.943244324
2016/7/19 18:45,6.689489326
2016/7/19 19:00,6.538472342
2016/7/19 19:15,6.925737706
2016/7/19 19:30,7.129190627
2016/7/19 19:45,6.913091674
2016/7/19 20:00,7.895595127
2016/7/19 20:15,6.919804735
2016/7/19 20:30,6.512679642
2016/7/19 20:45,6.567596154
2016/7/19 21:00,6.840141375
2016/7/19 21:15,7.055003505
2016/7/19 21:30,6.841380316
2016/7/19 21:45,7.177633055
2016/7/19 22:00,7.561783523
2016/7/19 22:15,7.593149675
2016/7/19 22:30,7.833571064
2016/7/19 22:45,7.282259137
2016/7/19 23:00,6.990558682
2016/7/19 23:15,6.985652901
2016/7/19 23:30,6.725605609
2016/7/19 23:45,7.722294113
2016/7/20 0:00,7.738095317
2016/7/20 0:15,7.091718035
2016/7/20 0:30,6.286791324
2016/7/20 0:45,6.268136073
2016/7/20 1:00,6.590485939
2016/7/20 1:15,6.37413573
2016/7/20 1:30,6.84904298
2016/7/20 1:45,6.888802544
2016/7/20 2:00,6.260355735
2016/7/20 2:15,6.803612351
2016/7/20 2:30,7.66011133
2016/7/20 2:45,7.17036524
2016/7/20 3:00,6.269338227
2016/7/20 3:15,6.690046869
2016/7/20 3:30,6.3209902
2016/7/20 3:45,6.098616052
2016/7/20 4:00,6.182037759
2016/7/20 4:15,5.88567634
2016/7/20 4:30,5.873839512
2016/7/20 4:45,6.133833885
2016/7/20 5:00,6.607420969
2016/7/20 5:15,6.505512084
2016/7/20 5:30,5.798251736
2016/7/20 5:45,5.918185844
2016/7/20 6:00,5.907277664
2016/7/20 6:15,5.777147691
2016/7/20 6:30,5.408747606
2016/7/20 6:45,5.115691729
2016/7/20 7:00,4.705517576
2016/7/20 7:15,4.009833492
2016/7/20 7:30,4.240093237
2016/7/20 7:45,4.402597651
2016/7/20 8:00,3.826778496
2016/7/20 8:15,4.64408627
2016/7/20 8:30,4.112609084
2016/7/20 8:45,3.771493193
2016/7/20 9:00,3.718653315
2016/7/20 9:15,4.200120701
2016/7/20 9:30,3.995521574
2016/7/20 9:45,4.254024853
2016/7/20 10:00,3.544748579
2016/7/20 10:15,4.416540176
2016/7/20 10:30,4.177003832
2016/7/20 10:45,4.685582298
2016/7/20 11:00,4.664078003
2016/7/20 11:15,4.076207529
2016/7/20 11:30,3.830597908
2016/7/20 11:45,6.062014737
2016/7/20 12:00,4.368706704
2016/7/20 12:15,4.689427452
2016/7/20 12:30,4.255678834
2016/7/20 12:45,4.590753528
2016/7/20 13:00,4.554477907
2016/7/20 13:15,4.449341878
2016/7/20 13:30,5.658483047
2016/7/20 13:45,4.841969895
2016/7/20 14:00,4.789307415
2016/7/20 14:15,4.278562475
2016/7/20 14:30,4.508194418
2016/7/20 14:45,5.344797636
2016/7/20 15:00,5.198138666
2016/7/20 15:15,5.731181142
2016/7/20 15:30,6.339031561
2016/7/20 15:45,5.737605004
2016/7/20 16:00,5.403070867
2016/7/20 16:15,5.083443358
2016/7/20 16:30,6.311152964
2016/7/20 16:45,5.729921129
2016/7/20 17:00,5.596488424
2016/7/20 17:15,5.623251643
2016/7/20 17:30,4.626707874
2016/7/20 17:45,4.156136894
2016/7/20 18:00,6.467965551
2016/7/20 18:15,6.1349237
2016/7/20 18:30,5.225575065
2016/7/20 18:45,7.898760665
2016/7/20 19:00,6.337629334
2016/7/20 19:15,6.825729663
2016/7/20 19:30,7.339108279
2016/7/20 19:45,6.824270047
2016/7/20 20:00,6.939415619
2016/7/20 20:15,7.686545847
2016/7/20 20:30,6.220821507
2016/7/20 20:45,7.593547976
2016/7/20 21:00,8.864834828
2016/7/20 21:15,8.756677555
2016/7/20 21:30,7.361788066
2016/7/20 21:45,8.210079562
2016/7/20 22:00,7.848738093
2016/7/20 22:15,7.8896471
2016/7/20 22:30,7.917761349
2016/7/20 22:45,7.715837253
2016/7/20 23:00,7.39892544
2016/7/20 23:15,7.788753253
2016/7/20 23:30,6.505095874
2016/7/20 23:45,7.47804211
2016/7/21 0:00,7.848725268
2016/7/21 0:15,7.84826047
2016/7/21 0:30,6.076153494
2016/7/21 0:45,6.738488694
2016/7/21 1:00,6.407939017
2016/7/21 1:15,7.322429725
2016/7/21 1:30,7.717427235
2016/7/21 1:45,7.113681371
2016/7/21 2:00,6.473101315
2016/7/21 2:15,5.767855013
2016/7/21 2:30,6.04209747
2016/7/21 2:45,5.438663158
2016/7/21 3:00,5.817093332
2016/7/21 3:15,5.468920305
2016/7/21 3:30,6.017155632
2016/7/21 3:45,5.896311861
2016/7/21 4:00,5.855662135
2016/7/21 4:15,6.435476488
2016/7/21 4:30,4.709402536
2016/7/21 4:45,6.652633554
2016/7/21 5:00,5.462782345
2016/7/21 5:15,5.189256372
2016/7/21 5:30,5.351360382
2016/7/21 5:45,5.502013676
2016/7/21 6:00,5.251897652
2016/7/21 6:15,5.03264592
2016/7/21 6:30,5.163841405
2016/7/21 6:45,4.659922681
2016/7/21 7:00,4.37668672
2016/7/21 7:15,3.731368431
2016/7/21 7:30,4.535119707
2016/7/21 7:45,4.11388963
2016/7/21 8:00,3.431760368
2016/7/21 8:15,2.876106728
2016/7/21 8:30,3.866442749
2016/7/21 8:45,4.725487963
2016/7/21 9:00,4.080085689
2016/7/21 9:15,3.439393084
2016/7/21 9:30,3.985336946
2016/7/21 9:45,3.288241938
2016/7/21 10:00,4.068741485
2016/7/21 10:15,4.505050924
2016/7/21 10:30,3.751205305
2016/7/21 10:45,3.689166631
2016/7/21 11:00,4.429756117
2016/7/21 11:15,3.864168212
2016/7/21 11:30,4.371383353
2016/7/21 11:45,3.77582515
2016/7/21 12:00,4.474093784
2016/7/21 12:15,3.906360898
2016/7/21 12:30,2.845632842
2016/7/21 12:45,2.83620441
2016/7/21 13:00,3.186072753
2016/7/21 13:15,3.061619061
2016/7/21 13:30,4.306966215
2016/7/21 13:45,3.097210205
2016/7/21 14:00,3.587493767
2016/7/21 14:15,3.877303796
2016/7/21 14:30,4.545413183
2016/7/21 14:45,4.231228886
2016/7/21 15:00,4.043863104
2016/7/21 15:15,4.527007205
2016/7/21 15:30,3.278829198
2016/7/21 15:45,3.652529754
2016/7/21 16:00,2.975505774
2016/7/21 16:15,3.302515932
2016/7/21 16:30,3.288810369
2016/7/21 16:45,4.1251655
2016/7/21 17:00,2.931576414
2016/7/21 17:15,4.463519392
2016/7/21 17:30,3.753012138
2016/7/21 17:45,2.550373035
2016/7/21 18:00,4.92499489
2016/7/21 18:15,5.237825018
2016/7/21 18:30,6.150045255
2016/7/21 18:45,6.528118192
2016/7/21 19:00,6.587085243
2016/7/21 19:15,6.740829723
2016/7/21 19:30,6.519870144
2016/7/21 19:45,6.648109091
2016/7/21 20:00,6.949878892
2016/7/21 20:15,6.48705557
2016/7/21 20:30,6.101333607
2016/7/21 20:45,6.868715006
2016/7/21 21:00,7.128520049
2016/7/21 21:15,7.294862704
2016/7/21 21:30,7.640795148
2016/7/21 21:45,7.466228753
2016/7/21 22:00,7.354655743
2016/7/21 22:15,7.18608649
2016/7/21 22:30,7.328151462
2016/7/21 22:45,7.5945059
2016/7/21 23:00,7.077464691
2016/7/21 23:15,7.429878445
2016/7/21 23:30,7.553267957
2016/7/21 23:45,6.918248069
2016/7/22 0:00,6.226680563
2016/7/22 0:15,5.917621016
2016/7/22 0:30,6.127423364
2016/7/22 0:45,6.80466897
2016/7/22 1:00,5.863329231
2016/7/22 1:15,6.290218744
2016/7/22 1:30,6.387110639
2016/7/22 1:45,6.471683718
2016/7/22 2:00,6.241614838
2016/7/22 2:15,5.776190998
2016/7/22 2:30,7.236284039
2016/7/22 2:45,7.155544525
2016/7/22 3:00,6.660112078
2016/7/22 3:15,7.909093454
2016/7/22 3:30,6.625683251
2016/7/22 3:45,6.520047199
2016/7/22 4:00,6.682364049
2016/7/22 4:15,6.255162147
2016/7/22 4:30,7.147191523
2016/7/22 4:45,6.05070169
2016/7/22 5:00,6.594485558
2016/7/22 5:15,6.451967635
2016/7/22 5:30,5.341541031
2016/7/22 5:45,4.903467044
2016/7/22 6:00,5.133276422
2016/7/22 6:15,6.052622511
2016/7/22 6:30,6.332518767
2016/7/22 6:45,4.930209074
2016/7/22 7:00,4.881906388
2016/7/22 7:15,4.589744671
2016/7/22 7:30,4.192054562
2016/7/22 7:45,4.297032183
2016/7/22 8:00,2.874619917
2016/7/22 8:15,2.555100895
2016/7/22 8:30,2.400365607
2016/7/22 8:45,3.962025184
2016/7/22 9:00,3.418068595
2016/7/22 9:15,3.443705701
2016/7/22 9:30,4.0170075
2016/7/22 9:45,2.493503832
2016/7/22 10:00,4.629404004
2016/7/22 10:15,3.390931257
2016/7/22 10:30,3.61340136
2016/7/22 10:45,3.088582351
2016/7/22 11:00,3.673079552
2016/7/22 11:15,4.366410295
2016/7/22 11:30,2.546929255
2016/7/22 11:45,5.16455004
2016/7/22 12:00,3.839103012
2016/7/22 12:15,2.821333456
2016/7/22 12:30,3.538281442
2016/7/22 12:45,3.764056269
2016/7/22 13:00,3.633776288
2016/7/22 13:15,-0.05020798
2016/7/22 13:30,4.841792012
2016/7/22 13:45,3.631706304
2016/7/22 14:00,5.1544467
2016/7/22 14:15,2.115237068
2016/7/22 14:30,3.676512074
2016/7/22 14:45,3.73251623
2016/7/22 15:00,2.419394045
2016/7/22 15:15,2.909677897
2016/7/22 15:30,3.316214061
2016/7/22 15:45,3.697129965
2016/7/22 16:00,4.064969943
2016/7/22 16:15,2.777069116
2016/7/22 16:30,3.918291576
2016/7/22 16:45,3.354689886
2016/7/22 17:00,2.273829691
2016/7/22 17:15,2.750176099
2016/7/22 17:30,2.670954648
2016/7/22 17:45,4.194435235
2016/7/22 18:00,5.845914328
2016/7/22 18:15,5.034304786
2016/7/22 18:30,5.709074068
2016/7/22 18:45,6.614501017
2016/7/22 19:00,6.589301485
2016/7/22 19:15,4.296912875
2016/7/22 19:30,5.675695419
2016/7/22 19:45,6.619679816
2016/7/22 20:00,6.23157224
2016/7/22 20:15,5.779483724
2016/7/22 20:30,6.004212629
2016/7/22 20:45,7.096668158
2016/7/22 21:00,7.447395313
2016/7/22 21:15,6.698629783
2016/7/22 21:30,5.978975218
2016/7/22 21:45,5.774847577
2016/7/22 22:00,6.393321309
2016/7/22 22:15,6.682735606
2016/7/22 22:30,7.312819035
2016/7/22 22:45,6.414627972
2016/7/22 23:00,6.283009607
2016/7/22 23:15,5.995669998
2016/7/22 23:30,5.992156383
2016/7/22 23:45,6.452155102
2016/7/23 0:00,6.917237214
2016/7/23 0:15,6.125987569
2016/7/23 0:30,6.288626158
2016/7/23 0:45,6.325819914
2016/7/23 1:00,6.512413758
2016/7/23 1:15,6.721397176
2016/7/23 1:30,6.459345046
2016/7/23 1:45,5.963817551
2016/7/23 2:00,6.271042543
2016/7/23 2:15,6.463458037
2016/7/23 2:30,6.063334801
2016/7/23 2:45,6.231503205
2016/7/23 3:00,6.359434705
2016/7/23 3:15,6.702833855
2016/7/23 3:30,7.394281065
2016/7/23 3:45,7.039675864
2016/7/23 4:00,6.520990099
2016/7/23 4:15,6.142683246
2016/7/23 4:30,6.003426706
2016/7/23 4:45,5.945333586
2016/7/23 5:00,6.444299844
2016/7/23 5:15,6.386960525
2016/7/23 5:30,5.996704089
2016/7/23 5:45,5.727693447
2016/7/23 6:00,6.511811545
2016/7/23 6:15,6.399089663
2016/7/23 6:30,5.450456337
2016/7/23 6:45,3.890618796
2016/7/23 7:00,4.076896976
2016/7/23 7:15,3.722412864
2016/7/23 7:30,3.928404177
2016/7/23 7:45,3.699390231
2016/7/23 8:00,4.072042205
2016/7/23 8:15,3.91594987
2016/7/23 8:30,2.846041614
2016/7/23 8:45,3.205152985
2016/7/23 9:00,3.353069414
2016/7/23 9:15,2.420920989
2016/7/23 9:30,2.694322766
2016/7/23 9:45,2.381195466
2016/7/23 10:00,2.291902678
2016/7/23 10:15,2.324735064
2016/7/23 10:30,2.602468987
2016/7/23 10:45,3.100456887
2016/7/23 11:00,2.427825984
2016/7/23 11:15,2.684663664
2016/7/23 11:30,2.046492165
2016/7/23 11:45,3.068620991
2016/7/23 12:00,1.844822521
2016/7/23 12:15,2.190130954
2016/7/23 12:30,2.058620602
2016/7/23 12:45,1.4742626
2016/7/23 13:00,1.827854536
2016/7/23 13:15,1.591367487
2016/7/23 13:30,2.130085934
2016/7/23 13:45,1.683090083
2016/7/23 14:00,2.365106544
2016/7/23 14:15,2.963138447
2016/7/23 14:30,2.386573306
2016/7/23 14:45,4.335348413
2016/7/23 15:00,3.048247709
2016/7/23 15:15,2.864781225
2016/7/23 15:30,2.506895977
2016/7/23 15:45,3.159035394
2016/7/23 16:00,4.563456044
2016/7/23 16:15,4.442235019
2016/7/23 16:30,4.144090253
2016/7/23 16:45,3.905812396
2016/7/23 17:00,3.378094643
2016/7/23 17:15,3.381614124
2016/7/23 17:30,5.114498258
2016/7/23 17:45,3.657414663
2016/7/23 18:00,6.121436673
2016/7/23 18:15,5.609401898
2016/7/23 18:30,6.078162029
2016/7/23 18:45,5.886464485
2016/7/23 19:00,6.086700209
2016/7/23 19:15,5.438916357
2016/7/23 19:30,6.276082137
2016/7/23 19:45,6.063539889
2016/7/23 20:00,6.666116447
2016/7/23 20:15,7.255885294
2016/7/23 20:30,5.650778987
2016/7/23 20:45,6.422876566
2016/7/23 21:00,6.001809725
2016/7/23 21:15,6.058119751
2016/7/23 21:30,6.461103052
2016/7/23 21:45,6.680968683
2016/7/23 22:00,6.082950513
2016/7/23 22:15,6.87155692
2016/7/23 22:30,6.746272783
2016/7/23 22:45,6.233689742
2016/7/23 23:00,6.404713052
2016/7/23 23:15,6.041423406
2016/7/23 23:30,6.426096373
2016/7/23 23:45,6.290207974
2016/7/24 0:00,6.85773906
2016/7/24 0:15,6.390651443
2016/7/24 0:30,6.294426408
2016/7/24 0:45,5.996066395
2016/7/24 1:00,6.230777704
2016/7/24 1:15,5.85177994
2016/7/24 1:30,6.194654444
2016/7/24 1:45,6.530805703
2016/7/24 2:00,5.347589795
2016/7/24 2:15,5.777809068
2016/7/24 2:30,6.229569179
2016/7/24 2:45,4.861793674
2016/7/24 3:00,5.831603744
2016/7/24 3:15,6.017411168
2016/7/24 3:30,5.383047779
2016/7/24 3:45,6.029012549
2016/7/24 4:00,5.779575443
2016/7/24 4:15,5.494038324
2016/7/24 4:30,5.251429105
2016/7/24 4:45,5.151531863
2016/7/24 5:00,5.088461552
2016/7/24 5:15,5.118538648
2016/7/24 5:30,5.102340176
2016/7/24 5:45,5.044931146
2016/7/24 6:00,5.500187392
2016/7/24 6:15,4.82317887
2016/7/24 6:30,4.579856613
2016/7/24 6:45,4.855958491
2016/7/24 7:00,4.33081658
2016/7/24 7:15,3.839604287
2016/7/24 7:30,3.626322187
2016/7/24 7:45,3.254389895
2016/7/24 8:00,3.034432395
2016/7/24 8:15,3.978905585
2016/7/24 8:30,2.94656943
2016/7/24 8:45,3.275264262
2016/7/24 9:00,2.875412922
2016/7/24 9:15,2.794917541
2016/7/24 9:30,3.146543718
2016/7/24 9:45,2.656876855
2016/7/24 10:00,2.404255836
2016/7/24 10:15,2.984808472
2016/7/24 10:30,3.330961864
2016/7/24 10:45,1.905537273
2016/7/24 11:00,3.66462493
2016/7/24 11:15,1.466960191
2016/7/24 11:30,1.84226422
2016/7/24 11:45,2.896898633
2016/7/24 12:00,1.879302204
2016/7/24 12:15,2.82553123
2016/7/24 12:30,2.580108432
2016/7/24 12:45,4.116263276
2016/7/24 13:00,3.388435333
2016/7/24 13:15,3.684689811
2016/7/24 13:30,3.450975387
2016/7/24 13:45,3.453328945
2016/7/24 14:00,5.384446312
2016/7/24 14:15,6.360142771
2016/7/24 14:30,3.950829923
2016/7/24 14:45,5.448968265
2016/7/24 15:00,4.621983447
2016/7/24 15:15,5.223489008
2016/7/24 15:30,6.770518674
2016/7/24 15:45,6.110172086
2016/7/24 16:00,6.38972417
2016/7/24 16:15,6.388074267
2016/7/24 16:30,5.803740028
2016/7/24 16:45,6.277561868
2016/7/24 17:00,5.214398458
2016/7/24 17:15,5.848981491
2016/7/24 17:30,5.308258626
2016/7/24 17:45,6.106352022
2016/7/24 18:00,5.902696225
2016/7/24 18:15,6.790363607
2016/7/24 18:30,5.401010635
2016/7/24 18:45,6.145221415
2016/7/24 19:00,5.613743515
2016/7/24 19:15,5.975956247
2016/7/24 19:30,5.307557882
2016/7/24 19:45,6.180024209
2016/7/24 20:00,6.559419063
2016/7/24 20:15,5.500931074
2016/7/24 20:30,6.193579788
2016/7/24 20:45,5.738425055
2016/7/24 21:00,6.08480195
2016/7/24 21:15,6.380324816
2016/7/24 21:30,6.485348273
2016/7/24 21:45,6.323623098
2016/7/24 22:00,6.289839641
2016/7/24 22:15,6.131408545
2016/7/24 22:30,5.942360897
2016/7/24 22:45,5.729926274
2016/7/24 23:00,5.738992948
2016/7/24 23:15,5.657933138
2016/7/24 23:30,5.484533236
2016/7/24 23:45,5.74802367
2016/7/25 0:00,6.188301172
2016/7/25 0:15,5.212946767
2016/7/25 0:30,5.02356239
2016/7/25 0:45,5.793246484
2016/7/25 1:00,5.600486245
2016/7/25 1:15,5.263266001
2016/7/25 1:30,5.032915946
2016/7/25 1:45,6.269497729
2016/7/25 2:00,5.892359399
2016/7/25 2:15,5.729949472
2016/7/25 2:30,6.271608732
2016/7/25 2:45,5.398829304
2016/7/25 3:00,5.597800507
2016/7/25 3:15,6.122354946
2016/7/25 3:30,5.510571857
2016/7/25 3:45,5.57909289
2016/7/25 4:00,5.713061955
2016/7/25 4:15,5.242661349
2016/7/25 4:30,5.108851271
2016/7/25 4:45,6.195400697
2016/7/25 5:00,6.104372326
2016/7/25 5:15,5.901999744
2016/7/25 5:30,5.310889525
2016/7/25 5:45,5.602447323
2016/7/25 6:00,5.988239428
2016/7/25 6:15,5.256630616
2016/7/25 6:30,5.237974888
2016/7/25 6:45,5.437889572
2016/7/25 7:00,4.76251804
2016/7/25 7:15,4.899440377
2016/7/25 7:30,4.134546858
2016/7/25 7:45,4.119634239
2016/7/25 8:00,4.067186741
2016/7/25 8:15,4.417872469
2016/7/25 8:30,4.85511316
2016/7/25 8:45,4.639874536
2016/7/25 9:00,6.355949236
2016/7/25 9:15,4.824801913
2016/7/25 9:30,5.393128622
2016/7/25 9:45,4.432390022
2016/7/25 10:00,5.606340604
2016/7/25 10:15,3.78998994
2016/7/25 10:30,4.281601822
2016/7/25 10:45,4.81587442
2016/7/25 11:00,4.235374722
2016/7/25 11:15,2.090012446
2016/7/25 11:30,4.149655736
2016/7/25 11:45,3.094313142
2016/7/25 12:00,4.379861236
2016/7/25 12:15,2.935060941
2016/7/25 12:30,3.807714985
2016/7/25 12:45,5.314721347
2016/7/25 13:00,4.666574997
2016/7/25 13:15,4.216976635
2016/7/25 13:30,2.842983333
2016/7/25 13:45,6.639016356
2016/7/25 14:00,4.79614668
2016/7/25 14:15,4.244688909
2016/7/25 14:30,4.587339377
2016/7/25 14:45,4.2977516
2016/7/25 15:00,5.021806268
2016/7/25 15:15,5.342742088
2016/7/25 15:30,5.363194165
2016/7/25 15:45,5.431437589
2016/7/25 16:00,5.899890183
2016/7/25 16:15,5.9774522
2016/7/25 16:30,6.08334712
2016/7/25 16:45,6.162233161
2016/7/25 17:00,5.720399059
2016/7/25 17:15,5.943989579
2016/7/25 17:30,5.556787282
2016/7/25 17:45,4.805595463
2016/7/25 18:00,5.401436062
2016/7/25 18:15,5.524395138
2016/7/25 18:30,6.17303539
2016/7/25 18:45,5.319347306
2016/7/25 19:00,5.284204273
2016/7/25 19:15,6.026275891
2016/7/25 19:30,5.413331597
2016/7/25 19:45,5.942630761
2016/7/25 20:00,7.440789825
2016/7/25 20:15,6.091866654
2016/7/25 20:30,6.535099707
2016/7/25 20:45,6.017018053
2016/7/25 21:00,6.284045891
2016/7/25 21:15,6.320770923
2016/7/25 21:30,6.218099786
2016/7/25 21:45,6.552944801
2016/7/25 22:00,6.633276387
2016/7/25 22:15,6.623261751
2016/7/25 22:30,6.365362609
2016/7/25 22:45,6.760991666
2016/7/25 23:00,5.993542997
2016/7/25 23:15,5.896351457
2016/7/25 23:30,6.065565491
2016/7/25 23:45,6.12368855
2016/7/26 0:00,5.783384602
2016/7/26 0:15,5.786220252
2016/7/26 0:30,6.123638035
2016/7/26 0:45,6.381991295
2016/7/26 1:00,6.309255312
2016/7/26 1:15,6.650472253
2016/7/26 1:30,6.22668111
2016/7/26 1:45,6.151133976
2016/7/26 2:00,6.144392908
2016/7/26 2:15,6.037546676
2016/7/26 2:30,6.657563425
2016/7/26 2:45,5.661986275
2016/7/26 3:00,6.619049028
2016/7/26 3:15,6.31973213
2016/7/26 3:30,6.504361694
2016/7/26 3:45,6.258186835
2016/7/26 4:00,6.214610255
2016/7/26 4:15,6.505684746
2016/7/26 4:30,6.381342698
2016/7/26 4:45,6.326230979
2016/7/26 5:00,6.402740521
2016/7/26 5:15,6.266611706
2016/7/26 5:30,5.783404149
2016/7/26 5:45,6.172854454
2016/7/26 6:00,6.484219273
2016/7/26 6:15,5.826263327
2016/7/26 6:30,5.235276428
2016/7/26 6:45,5.342837096
2016/7/26 7:00,5.123622986
2016/7/26 7:15,5.112119615
2016/7/26 7:30,4.884359127
2016/7/26 7:45,4.66070698
2016/7/26 8:00,4.862235609
2016/7/26 8:15,4.105647928
2016/7/26 8:30,5.381816748
2016/7/26 8:45,4.541639091
2016/7/26 9:00,4.121766996
2016/7/26 9:15,4.370125199
2016/7/26 9:30,4.500953535
2016/7/26 9:45,4.70703536
2016/7/26 10:00,3.566412162
2016/7/26 10:15,3.208823806
2016/7/26 10:30,4.273407622
2016/7/26 10:45,4.519926363
2016/7/26 11:00,2.667928009
2016/7/26 11:15,3.743530142
2016/7/26 11:30,2.87679386
2016/7/26 11:45,3.35033396
2016/7/26 12:00,2.238837391
2016/7/26 12:15,3.974674971
2016/7/26 12:30,2.464742775
2016/7/26 12:45,3.324677758
2016/7/26 13:00,3.788151787
2016/7/26 13:15,3.612247172
2016/7/26 13:30,3.466753992
2016/7/26 13:45,4.871949401
2016/7/26 14:00,4.987321477
2016/7/26 14:15,4.120215259
2016/7/26 14:30,4.745343568
2016/7/26 14:45,3.937373458
2016/7/26 15:00,4.313362057
2016/7/26 15:15,4.25848447
2016/7/26 15:30,5.317400507
2016/7/26 15:45,4.034530974
2016/7/26 16:00,4.836888643
2016/7/26 16:15,5.644837057
2016/7/26 16:30,4.637518648
2016/7/26 16:45,5.182208184
2016/7/26 17:00,5.305494601
2016/7/26 17:15,5.777851356
2016/7/26 17:30,6.062034751
2016/7/26 17:45,6.231167419
2016/7/26 18:00,5.854472606
2016/7/26 18:15,5.852905727
2016/7/26 18:30,5.302633297
2016/7/26 18:45,5.463502351
2016/7/26 19:00,6.609702099
2016/7/26 19:15,5.826254567
2016/7/26 19:30,5.91735676
2016/7/26 19:45,5.963532973
2016/7/26 20:00,6.079630186
2016/7/26 20:15,5.886940257
2016/7/26 20:30,6.35460544
2016/7/26 20:45,6.586000465
2016/7/26 21:00,6.323763968
2016/7/26 21:15,5.828009557
2016/7/26 21:30,6.32075202
2016/7/26 21:45,6.769409206
2016/7/26 22:00,7.173272969
2016/7/26 22:15,6.578876264
2016/7/26 22:30,7.259192231
2016/7/26 22:45,7.213698476
2016/7/26 23:00,6.23155435
2016/7/26 23:15,6.791180273
2016/7/26 23:30,6.367849804
2016/7/26 23:45,6.255634629
2016/7/27 0:00,6.006129304
2016/7/27 0:15,5.993402653
2016/7/27 0:30,6.179941537
2016/7/27 0:45,6.429681129
2016/7/27 1:00,6.68797487
2016/7/27 1:15,6.627151036
2016/7/27 1:30,5.634054856
2016/7/27 1:45,5.83225599
2016/7/27 2:00,6.336796643
2016/7/27 2:15,6.491478204
2016/7/27 2:30,6.640267145
2016/7/27 2:45,5.950856016
2016/7/27 3:00,6.362828708
2016/7/27 3:15,6.516681109
2016/7/27 3:30,6.26880428
2016/7/27 3:45,5.580363887
2016/7/27 4:00,5.424648453
2016/7/27 4:15,5.481345967
2016/7/27 4:30,6.241307617
2016/7/27 4:45,5.702905613
2016/7/27 5:00,6.063028441
2016/7/27 5:15,5.41566409
2016/7/27 5:30,6.328995279
2016/7/27 5:45,6.260151209
2016/7/27 6:00,5.390643602
2016/7/27 6:15,5.627528849
2016/7/27 6:30,5.503506354
2016/7/27 6:45,4.97168885
2016/7/27 7:00,5.260586089
2016/7/27 7:15,4.306991845
2016/7/27 7:30,4.128583712
2016/7/27 7:45,3.568726151
2016/7/27 8:00,3.697283784
2016/7/27 8:15,3.750920037
2016/7/27 8:30,3.765556301
2016/7/27 8:45,3.636818186
2016/7/27 9:00,3.696680878
2016/7/27 9:15,3.584844996
2016/7/27 9:30,3.436989982
2016/7/27 9:45,3.939674113
2016/7/27 10:00,3.214129441
2016/7/27 10:15,3.430479666
2016/7/27 10:30,3.979903642
2016/7/27 10:45,3.728524748
2016/7/27 11:00,3.958619421
2016/7/27 11:15,3.708649928
2016/7/27 11:30,3.778786292
2016/7/27 11:45,4.32864593
2016/7/27 12:00,4.706550427
2016/7/27 12:15,5.906905576
2016/7/27 12:30,4.610395503
2016/7/27 12:45,4.55098845
2016/7/27 13:00,5.067830155
2016/7/27 13:15,4.021405301
2016/7/27 13:30,4.406999426
2016/7/27 13:45,4.449393739
2016/7/27 14:00,5.197755805
2016/7/27 14:15,4.731982264
2016/7/27 14:30,3.865152441
2016/7/27 14:45,4.67906825
2016/7/27 15:00,4.31006988
2016/7/27 15:15,4.519299182
2016/7/27 15:30,3.450902442
2016/7/27 15:45,4.286367073
2016/7/27 16:00,4.250788616
2016/7/27 16:15,3.259500094
2016/7/27 16:30,2.499329444
2016/7/27 16:45,2.538852797
2016/7/27 17:00,3.066208229
2016/7/27 17:15,3.617859006
2016/7/27 17:30,2.319640151
2016/7/27 17:45,3.259660676
2016/7/27 18:00,2.45038137
2016/7/27 18:15,0.884116392
2016/7/27 18:30,2.278780055
2016/7/27 18:45,2.561842451
2016/7/27 19:00,1.59291095
2016/7/27 19:15,1.564807111
2016/7/27 19:30,0.952959701
2016/7/27 19:45,1.622737313
2016/7/27 20:00,2.179786273
2016/7/27 20:15,1.418060978
2016/7/27 20:30,2.467819426
2016/7/27 20:45,3.172649802
2016/7/27 21:00,4.49460991
2016/7/27 21:15,4.077055192
2016/7/27 21:30,6.236905032
2016/7/27 21:45,5.617144195
2016/7/27 22:00,5.408002435
2016/7/27 22:15,6.462045059
2016/7/27 22:30,6.363152839
2016/7/27 22:45,5.512539119
2016/7/27 23:00,5.797887036
2016/7/27 23:15,6.795500095
2016/7/27 23:30,6.250977779
2016/7/27 23:45,6.348594269
2016/7/28 0:00,4.971852416
2016/7/28 0:15,6.03831
2016/7/28 0:30,6.618954235
2016/7/28 0:45,6.172445619
2016/7/28 1:00,6.989822998
2016/7/28 1:15,6.72788839
2016/7/28 1:30,6.197421482
2016/7/28 1:45,6.907278515
2016/7/28 2:00,6.033751027
2016/7/28 2:15,7.487094852
2016/7/28 2:30,6.166085961
2016/7/28 2:45,6.067190836
2016/7/28 3:00,6.696322102
2016/7/28 3:15,5.571529328
2016/7/28 3:30,5.978365278
2016/7/28 3:45,6.001830743
2016/7/28 4:00,5.976270056
2016/7/28 4:15,5.987874017
2016/7/28 4:30,5.55208365
2016/7/28 4:45,4.929173744
2016/7/28 5:00,6.215560987
2016/7/28 5:15,5.261754863
2016/7/28 5:30,4.897332964
2016/7/28 5:45,5.616625805
2016/7/28 6:00,4.899766044
2016/7/28 6:15,5.396389015
2016/7/28 6:30,5.457358239
2016/7/28 6:45,5.822842615
2016/7/28 7:00,5.013619731
2016/7/28 7:15,4.352605328
2016/7/28 7:30,3.929875931
2016/7/28 7:45,3.552685915
2016/7/28 8:00,3.097609747
2016/7/28 8:15,2.45673975
2016/7/28 8:30,3.061035555
2016/7/28 8:45,3.3675398
2016/7/28 9:00,3.448947134
2016/7/28 9:15,3.53355463
2016/7/28 9:30,3.361220671
2016/7/28 9:45,3.129392888
2016/7/28 10:00,4.149636352
2016/7/28 10:15,3.814360639
2016/7/28 10:30,3.131469855
2016/7/28 10:45,4.680892407
2016/7/28 11:00,3.276884045
2016/7/28 11:15,3.355629154
2016/7/28 11:30,3.094520065
2016/7/28 11:45,4.115306517
2016/7/28 12:00,3.607989648
2016/7/28 12:15,3.707223198
2016/7/28 12:30,3.504432977
2016/7/28 12:45,2.924756564
2016/7/28 13:00,3.840532383
2016/7/28 13:15,3.719661665
2016/7/28 13:30,3.663227204
2016/7/28 13:45,3.402716606
2016/7/28 14:00,4.013536111
2016/7/28 14:15,3.434122388
2016/7/28 14:30,3.502535889
2016/7/28 14:45,3.434356466
2016/7/28 15:00,3.849542917
2016/7/28 15:15,2.534250478
2016/7/28 15:30,3.984677553
2016/7/28 15:45,4.304764851
2016/7/28 16:00,3.000613562
2016/7/28 16:15,3.431202575
2016/7/28 16:30,3.716922249
2016/7/28 16:45,3.715214906
2016/7/28 17:00,4.26415008
2016/7/28 17:15,4.121972327
2016/7/28 17:30,5.114324812
2016/7/28 17:45,5.765200086
2016/7/28 18:00,4.284154626
2016/7/28 18:15,4.077416556
2016/7/28 18:30,4.583503168
2016/7/28 18:45,3.929853419
2016/7/28 19:00,5.607791491
2016/7/28 19:15,4.860584961
2016/7/28 19:30,5.626479576
2016/7/28 19:45,4.172366244
2016/7/28 20:00,4.934971862
2016/7/28 20:15,6.009372746
2016/7/28 20:30,8.103557025
2016/7/28 20:45,6.238746213
2016/7/28 21:00,5.504139875
2016/7/28 21:15,5.490981725
2016/7/28 21:30,6.265776209
2016/7/28 21:45,6.067763073
2016/7/28 22:00,6.432032844
2016/7/28 22:15,6.673466032
2016/7/28 22:30,6.333009941
2016/7/28 22:45,6.298472311
2016/7/28 23:00,6.278881221
2016/7/28 23:15,6.586437016
2016/7/28 23:30,7.228868274
2016/7/28 23:45,6.194836678
2016/7/29 0:00,6.065327793
2016/7/29 0:15,6.739955547
2016/7/29 0:30,6.325903589
2016/7/29 0:45,6.412316872
2016/7/29 1:00,6.485918283
2016/7/29 1:15,5.924561671
2016/7/29 1:30,6.003955254
2016/7/29 1:45,6.624681598
2016/7/29 2:00,6.375233669
2016/7/29 2:15,6.220694652
2016/7/29 2:30,6.091748186
2016/7/29 2:45,5.710082957
2016/7/29 3:00,6.164662827
2016/7/29 3:15,6.263410745
2016/7/29 3:30,6.160453337
2016/7/29 3:45,6.955800288
2016/7/29 4:00,6.287141826
2016/7/29 4:15,6.488312626
2016/7/29 4:30,5.66696663
2016/7/29 4:45,5.882991794
2016/7/29 5:00,5.687219351
2016/7/29 5:15,6.214567653
2016/7/29 5:30,5.655645228
2016/7/29 5:45,5.654842262
2016/7/29 6:00,4.820630776
2016/7/29 6:15,6.639172654
2016/7/29 6:30,5.045721194
2016/7/29 6:45,4.353012681
2016/7/29 7:00,3.56719367
2016/7/29 7:15,4.245875602
2016/7/29 7:30,3.439453712
2016/7/29 7:45,2.50278889
2016/7/29 8:00,2.692021382
2016/7/29 8:15,3.278432217
2016/7/29 8:30,2.136280966
2016/7/29 8:45,2.867175026
2016/7/29 9:00,1.917620437
2016/7/29 9:15,1.948070073
2016/7/29 9:30,3.025177502
2016/7/29 9:45,2.693409736
2016/7/29 10:00,1.786038369
2016/7/29 10:15,2.69852335
2016/7/29 10:30,2.143850893
2016/7/29 10:45,1.778133655
2016/7/29 11:00,2.583995107
2016/7/29 11:15,1.942875536
2016/7/29 11:30,1.871746178
2016/7/29 11:45,2.750008489
2016/7/29 12:00,2.150483313
2016/7/29 12:15,2.076819897
2016/7/29 12:30,2.74712679
2016/7/29 12:45,1.801356028
2016/7/29 13:00,3.494050654
2016/7/29 13:15,3.453484148
2016/7/29 13:30,3.354457148
2016/7/29 13:45,3.715658138
2016/7/29 14:00,3.254147639
2016/7/29 14:15,5.5522122
2016/7/29 14:30,4.355184633
2016/7/29 14:45,5.326560846
2016/7/29 15:00,5.479986522
2016/7/29 15:15,5.590990876
2016/7/29 15:30,5.964538593
2016/7/29 15:45,6.268569898
2016/7/29 16:00,6.379898222
2016/7/29 16:15,5.980899781
2016/7/29 16:30,6.561725651
2016/7/29 16:45,6.712228265
2016/7/29 17:00,6.412384543
2016/7/29 17:15,6.344579825
2016/7/29 17:30,6.360116239
2016/7/29 17:45,4.8840427
2016/7/29 18:00,5.184798564
2016/7/29 18:15,5.752985437
2016/7/29 18:30,6.444198846
2016/7/29 18:45,5.799391304
2016/7/29 19:00,5.456921793
2016/7/29 19:15,5.688470047
2016/7/29 19:30,6.204584154
2016/7/29 19:45,5.288362015
2016/7/29 20:00,5.54246788
2016/7/29 20:15,5.746669665
2016/7/29 20:30,4.872907814
2016/7/29 20:45,6.373896201
2016/7/29 21:00,7.316589804
2016/7/29 21:15,5.844153203
2016/7/29 21:30,5.779912417
2016/7/29 21:45,6.793823867
2016/7/29 22:00,6.065783462
2016/7/29 22:15,6.654764823
2016/7/29 22:30,5.569510654
2016/7/29 22:45,4.835310577
2016/7/29 23:00,6.555750328
2016/7/29 23:15,7.116735596
2016/7/29 23:30,5.907020364
2016/7/29 23:45,5.434238085
2016/7/30 0:00,5.027535091
2016/7/30 0:15,5.585964272
2016/7/30 0:30,5.819675749
2016/7/30 0:45,5.444247945
2016/7/30 1:00,4.931198052
2016/7/30 1:15,5.120209803
2016/7/30 1:30,5.676464106
2016/7/30 1:45,5.101435084
2016/7/30 2:00,5.113273644
2016/7/30 2:15,4.852811304
2016/7/30 2:30,4.986329247
2016/7/30 2:45,5.914957013
2016/7/30 3:00,5.440644967
2016/7/30 3:15,4.771439026
2016/7/30 3:30,5.030811905
2016/7/30 3:45,5.917426027
2016/7/30 4:00,5.530551557
2016/7/30 4:15,5.455789357
2016/7/30 4:30,5.729999498
2016/7/30 4:45,5.514701575
2016/7/30 5:00,5.632745627
2016/7/30 5:15,5.345215258
2016/7/30 5:30,5.440467771
2016/7/30 5:45,4.480550389
2016/7/30 6:00,5.420461217
2016/7/30 6:15,4.940936258
2016/7/30 6:30,5.283120961
2016/7/30 6:45,4.863298646
2016/7/30 7:00,4.250492756
2016/7/30 7:15,4.015232698
2016/7/30 7:30,4.165084858
2016/7/30 7:45,4.700369344
2016/7/30 8:00,3.850489274
2016/7/30 8:15,3.425578095
2016/7/30 8:30,3.540310692
2016/7/30 8:45,4.054747486
2016/7/30 9:00,3.648479833
2016/7/30 9:15,4.007584077
2016/7/30 9:30,3.861287146
2016/7/30 9:45,4.235366032
2016/7/30 10:00,3.243905906
2016/7/30 10:15,2.74583386
2016/7/30 10:30,3.904951138
2016/7/30 10:45,3.931491302
2016/7/30 11:00,4.178953009
2016/7/30 11:15,3.528336763
2016/7/30 11:30,4.954914086
2016/7/30 11:45,3.040677575
2016/7/30 12:00,4.990966865
2016/7/30 12:15,3.605208213
2016/7/30 12:30,5.175173087
2016/7/30 12:45,4.477781128
2016/7/30 13:00,4.812475028
2016/7/30 13:15,4.242018427
2016/7/30 13:30,4.617716029
2016/7/30 13:45,11.1527283
2016/7/30 14:00,5.616799947
2016/7/30 14:15,5.991068765
2016/7/30 14:30,5.926245194
2016/7/30 14:45,13.12356625
2016/7/30 15:00,2.120603293
2016/7/30 15:15,0.26883408
2016/7/30 15:30,5.873165666
2016/7/30 15:45,5.149277363
2016/7/30 16:00,4.16671673
2016/7/30 16:15,6.23960135
2016/7/30 16:30,6.480249259
2016/7/30 16:45,6.138206067
2016/7/30 17:00,5.221399351
2016/7/30 17:15,3.852458024
2016/7/30 17:30,3.630639095
2016/7/30 17:45,5.287572075
2016/7/30 18:00,5.787143305
2016/7/30 18:15,5.140394301
2016/7/30 18:30,5.861335977
2016/7/30 18:45,5.146801226
2016/7/30 19:00,3.796502085
2016/7/30 19:15,6.347493939
2016/7/30 19:30,6.027565852
2016/7/30 19:45,4.459809225
2016/7/30 20:00,6.046440731
2016/7/30 20:15,6.106946797
2016/7/30 20:30,6.463093252
2016/7/30 20:45,5.568625604
2016/7/30 21:00,5.001060039
2016/7/30 21:15,4.416815205
2016/7/30 21:30,5.626229509
2016/7/30 21:45,5.827379482
2016/7/30 22:00,5.034885379
2016/7/30 22:15,4.433500641
2016/7/30 22:30,4.394241079
2016/7/30 22:45,4.643341056
2016/7/30 23:00,5.110455036
2016/7/30 23:15,4.901732644
2016/7/30 23:30,5.396270873
2016/7/30 23:45,5.368309105
2016/7/31 0:00,6.104133545
2016/7/31 0:15,4.716114976
2016/7/31 0:30,4.866842785
2016/7/31 0:45,5.07008064
2016/7/31 1:00,5.479921871
2016/7/31 1:15,4.904800068
2016/7/31 1:30,5.621538971
2016/7/31 1:45,5.023987019
2016/7/31 2:00,5.548460036
2016/7/31 2:15,5.403143333
2016/7/31 2:30,5.29144805
2016/7/31 2:45,4.922732455
2016/7/31 3:00,5.212395158
2016/7/31 3:15,4.605044788
2016/7/31 3:30,4.851838489
2016/7/31 3:45,4.77086895
2016/7/31 4:00,5.220782329
2016/7/31 4:15,4.939129387
2016/7/31 4:30,4.901962865
2016/7/31 4:45,4.905808379
2016/7/31 5:00,4.671880042
2016/7/31 5:15,4.497721096
2016/7/31 5:30,4.20739287
2016/7/31 5:45,4.563616877
2016/7/31 6:00,4.366923992
2016/7/31 6:15,4.361922494
2016/7/31 6:30,4.426583955
2016/7/31 6:45,3.959938847
2016/7/31 7:00,3.313011913
2016/7/31 7:15,3.231206057
2016/7/31 7:30,3.843749201
2016/7/31 7:45,3.978201145
2016/7/31 8:00,4.051533434
2016/7/31 8:15,3.276079469
2016/7/31 8:30,3.898838886
2016/7/31 8:45,2.741717957
2016/7/31 9:00,4.719758386
2016/7/31 9:15,2.974500919
2016/7/31 9:30,4.537943793
2016/7/31 9:45,4.70075303
2016/7/31 10:00,3.654793257
2016/7/31 10:15,4.81423383
2016/7/31 10:30,5.047430011
2016/7/31 10:45,3.91392505
2016/7/31 11:00,5.211843424
2016/7/31 11:15,5.565194295
2016/7/31 11:30,4.035926119
2016/7/31 11:45,4.973020328
2016/7/31 12:00,5.412550296
2016/7/31 12:15,5.130969152
2016/7/31 12:30,5.41812584
2016/7/31 12:45,5.720574521
2016/7/31 13:00,5.606906141
2016/7/31 13:15,5.426612751
2016/7/31 13:30,5.989808563
2016/7/31 13:45,6.252883472
2016/7/31 14:00,6.062654223
2016/7/31 14:15,4.828599546
2016/7/31 14:30,5.451488335
2016/7/31 14:45,6.609224005
2016/7/31 15:00,6.457886708
2016/7/31 15:15,6.052454391
2016/7/31 15:30,7.369931624
2016/7/31 15:45,5.710612213
2016/7/31 16:00,6.070926008
2016/7/31 16:15,7.227465702
2016/7/31 16:30,5.083233993
2016/7/31 16:45,9.374669828
2016/7/31 17:00,4.25209772
2016/7/31 17:15,5.501275158
2016/7/31 17:30,3.537434541
2016/7/31 17:45,4.637567185
2016/7/31 18:00,5.909913264
2016/7/31 18:15,8.109797831
2016/7/31 18:30,7.689272188
2016/7/31 18:45,6.056882354
2016/7/31 19:00,6.503718155
2016/7/31 19:15,6.13556578
2016/7/31 19:30,5.129411772
2016/7/31 19:45,4.986551074
2016/7/31 20:00,5.892095983
2016/7/31 20:15,5.520568821
2016/7/31 20:30,5.40524676
2016/7/31 20:45,5.234514982
2016/7/31 21:00,5.770399695
2016/7/31 21:15,6.014376721
2016/7/31 21:30,5.907323247
2016/7/31 21:45,5.727293414
2016/7/31 22:00,5.877555674
2016/7/31 22:15,5.818441549
2016/7/31 22:30,5.102731338
2016/7/31 22:45,5.594877771
2016/7/31 23:00,6.07783631
2016/7/31 23:15,5.219520565
2016/7/31 23:30,6.160264424
2016/7/31 23:45,5.291374313
2016/8/1 0:00,4.849148269
